Tree#,Groups,WScore
1,BLANK2_1_A-F1_GI,0.671344
1,BLANK2_1_A-F1_HG,0.683653
1,F1_GI-F1_HG,0.908453
1,BLANK2_1_A-F1_PC,0.665832
1,F1_GI-F1_PC,0.797231
1,F1_HG-F1_PC,0.791326
1,BLANK2_1_A-F1_STOM,0.703464
1,F1_GI-F1_STOM,0.625456
1,F1_HG-F1_STOM,0.86373
1,F1_PC-F1_STOM,0.794001
1,BLANK2_1_A-F2_GI,0.642495
1,F1_GI-F2_GI,0.166326
1,F1_HG-F2_GI,0.889781
1,F1_PC-F2_GI,0.775375
1,F1_STOM-F2_GI,0.598984
1,BLANK2_1_A-F2_HG,0.661336
1,F1_GI-F2_HG,0.893828
1,F1_HG-F2_HG,0.237757
1,F1_PC-F2_HG,0.770981
1,F1_STOM-F2_HG,0.851721
1,F2_GI-F2_HG,0.860564
1,BLANK2_1_A-F2_PC,0.679806
1,F1_GI-F2_PC,0.83889
1,F1_HG-F2_PC,0.737014
1,F1_PC-F2_PC,0.163747
1,F1_STOM-F2_PC,0.796514
1,F2_GI-F2_PC,0.79184
1,F2_HG-F2_PC,0.716979
1,BLANK2_1_A-F3_GI,0.672038
1,F1_GI-F3_GI,0.544595
1,F1_HG-F3_GI,0.895489
1,F1_PC-F3_GI,0.799448
1,F1_STOM-F3_GI,0.696791
1,F2_GI-F3_GI,0.530202
1,F2_HG-F3_GI,0.87659
1,F2_PC-F3_GI,0.875233
1,BLANK2_1_A-F3_HG,0.616112
1,F1_GI-F3_HG,0.819624
1,F1_HG-F3_HG,0.640946
1,F1_PC-F3_HG,0.580442
1,F1_STOM-F3_HG,0.789106
1,F2_GI-F3_HG,0.782586
1,F2_HG-F3_HG,0.581129
1,F2_PC-F3_HG,0.583707
1,F3_GI-F3_HG,0.715114
1,BLANK2_1_A-F3_PC,0.563339
1,F1_GI-F3_PC,0.393922
1,F1_HG-F3_PC,0.828202
1,F1_PC-F3_PC,0.631564
1,F1_STOM-F3_PC,0.599404
1,F2_GI-F3_PC,0.441135
1,F2_HG-F3_PC,0.792156
1,F2_PC-F3_PC,0.649509
1,F3_GI-F3_PC,0.528836
1,F3_HG-F3_PC,0.601847
1,BLANK2_1_A-F3_STOM,0.679014
1,F1_GI-F3_STOM,0.567496
1,F1_HG-F3_STOM,0.880232
1,F1_PC-F3_STOM,0.818919
1,F1_STOM-F3_STOM,0.383822
1,F2_GI-F3_STOM,0.559898
1,F2_HG-F3_STOM,0.867679
1,F2_PC-F3_STOM,0.824905
1,F3_GI-F3_STOM,0.618747
1,F3_HG-F3_STOM,0.799636
1,F3_PC-F3_STOM,0.526909
1,BLANK2_1_A-F4_GI_1,0.603835
1,F1_GI-F4_GI_1,0.526584
1,F1_HG-F4_GI_1,0.866136
1,F1_PC-F4_GI_1,0.699973
1,F1_STOM-F4_GI_1,0.568193
1,F2_GI-F4_GI_1,0.487437
1,F2_HG-F4_GI_1,0.836496
1,F2_PC-F4_GI_1,0.715373
1,F3_GI-F4_GI_1,0.545012
1,F3_HG-F4_GI_1,0.747964
1,F3_PC-F4_GI_1,0.47592
1,F3_STOM-F4_GI_1,0.546915
1,BLANK2_1_A-F4_GI_2,0.597622
1,F1_GI-F4_GI_2,0.690316
1,F1_HG-F4_GI_2,0.843967
1,F1_PC-F4_GI_2,0.696158
1,F1_STOM-F4_GI_2,0.744141
1,F2_GI-F4_GI_2,0.654789
1,F2_HG-F4_GI_2,0.817482
1,F2_PC-F4_GI_2,0.705779
1,F3_GI-F4_GI_2,0.623382
1,F3_HG-F4_GI_2,0.734482
1,F3_PC-F4_GI_2,0.617358
1,F3_STOM-F4_GI_2,0.709671
1,F4_GI_1-F4_GI_2,0.315056
1,BLANK2_1_A-F4_GI_3,0.593979
1,F1_GI-F4_GI_3,0.669122
1,F1_HG-F4_GI_3,0.835965
1,F1_PC-F4_GI_3,0.683892
1,F1_STOM-F4_GI_3,0.737138
1,F2_GI-F4_GI_3,0.632094
1,F2_HG-F4_GI_3,0.805914
1,F2_PC-F4_GI_3,0.682466
1,F3_GI-F4_GI_3,0.605955
1,F3_HG-F4_GI_3,0.720039
1,F3_PC-F4_GI_3,0.593444
1,F3_STOM-F4_GI_3,0.705157
1,F4_GI_1-F4_GI_3,0.281799
1,F4_GI_2-F4_GI_3,0.107563
1,BLANK2_1_A-F4_GI_4,0.570204
1,F1_GI-F4_GI_4,0.719756
1,F1_HG-F4_GI_4,0.792971
1,F1_PC-F4_GI_4,0.636401
1,F1_STOM-F4_GI_4,0.761596
1,F2_GI-F4_GI_4,0.681033
1,F2_HG-F4_GI_4,0.760506
1,F2_PC-F4_GI_4,0.630912
1,F3_GI-F4_GI_4,0.633515
1,F3_HG-F4_GI_4,0.683781
1,F3_PC-F4_GI_4,0.629807
1,F3_STOM-F4_GI_4,0.736442
1,F4_GI_1-F4_GI_4,0.328609
1,F4_GI_2-F4_GI_4,0.169491
1,F4_GI_3-F4_GI_4,0.126335
1,BLANK2_1_A-F4_HG_1,0.486569
1,F1_GI-F4_HG_1,0.753085
1,F1_HG-F4_HG_1,0.335897
1,F1_PC-F4_HG_1,0.704924
1,F1_STOM-F4_HG_1,0.763037
1,F2_GI-F4_HG_1,0.713276
1,F2_HG-F4_HG_1,0.323097
1,F2_PC-F4_HG_1,0.661579
1,F3_GI-F4_HG_1,0.682083
1,F3_HG-F4_HG_1,0.562866
1,F3_PC-F4_HG_1,0.6733
1,F3_STOM-F4_HG_1,0.751103
1,F4_GI_1-F4_HG_1,0.594707
1,F4_GI_2-F4_HG_1,0.591342
1,F4_GI_3-F4_HG_1,0.566571
1,F4_GI_4-F4_HG_1,0.504767
1,BLANK2_1_A-F4_HG_2,0.453914
1,F1_GI-F4_HG_2,0.698411
1,F1_HG-F4_HG_2,0.408892
1,F1_PC-F4_HG_2,0.707287
1,F1_STOM-F4_HG_2,0.732637
1,F2_GI-F4_HG_2,0.659177
1,F2_HG-F4_HG_2,0.387767
1,F2_PC-F4_HG_2,0.664899
1,F3_GI-F4_HG_2,0.633322
1,F3_HG-F4_HG_2,0.571237
1,F3_PC-F4_HG_2,0.622524
1,F3_STOM-F4_HG_2,0.714137
1,F4_GI_1-F4_HG_2,0.518541
1,F4_GI_2-F4_HG_2,0.54558
1,F4_GI_3-F4_HG_2,0.494604
1,F4_GI_4-F4_HG_2,0.465504
1,F4_HG_1-F4_HG_2,0.097176
1,BLANK2_1_A-F4_HG_3,0.504348
1,F1_GI-F4_HG_3,0.733535
1,F1_HG-F4_HG_3,0.304108
1,F1_PC-F4_HG_3,0.75366
1,F1_STOM-F4_HG_3,0.752501
1,F2_GI-F4_HG_3,0.7073
1,F2_HG-F4_HG_3,0.29555
1,F2_PC-F4_HG_3,0.715435
1,F3_GI-F4_HG_3,0.660665
1,F3_HG-F4_HG_3,0.564534
1,F3_PC-F4_HG_3,0.671355
1,F3_STOM-F4_HG_3,0.734981
1,F4_GI_1-F4_HG_3,0.637229
1,F4_GI_2-F4_HG_3,0.646892
1,F4_GI_3-F4_HG_3,0.618795
1,F4_GI_4-F4_HG_3,0.580119
1,F4_HG_1-F4_HG_3,0.143638
1,F4_HG_2-F4_HG_3,0.16905
1,BLANK2_1_A-F4_PC,0.57973
1,F1_GI-F4_PC,0.446495
1,F1_HG-F4_PC,0.713615
1,F1_PC-F4_PC,0.751119
1,F1_STOM-F4_PC,0.606471
1,F2_GI-F4_PC,0.409571
1,F2_HG-F4_PC,0.690483
1,F2_PC-F4_PC,0.738167
1,F3_GI-F4_PC,0.563013
1,F3_HG-F4_PC,0.678591
1,F3_PC-F4_PC,0.443009
1,F3_STOM-F4_PC,0.601425
1,F4_GI_1-F4_PC,0.393543
1,F4_GI_2-F4_PC,0.605491
1,F4_GI_3-F4_PC,0.53937
1,F4_GI_4-F4_PC,0.578788
1,F4_HG_1-F4_PC,0.502194
1,F4_HG_2-F4_PC,0.427417
1,F4_HG_3-F4_PC,0.48186
1,BLANK2_1_A-F4_STOM,0.734487
1,F1_GI-F4_STOM,0.531138
1,F1_HG-F4_STOM,0.894024
1,F1_PC-F4_STOM,0.829144
1,F1_STOM-F4_STOM,0.316924
1,F2_GI-F4_STOM,0.48774
1,F2_HG-F4_STOM,0.877075
1,F2_PC-F4_STOM,0.835597
1,F3_GI-F4_STOM,0.620141
1,F3_HG-F4_STOM,0.807344
1,F3_PC-F4_STOM,0.652473
1,F3_STOM-F4_STOM,0.491384
1,F4_GI_1-F4_STOM,0.552739
1,F4_GI_2-F4_STOM,0.73846
1,F4_GI_3-F4_STOM,0.723172
1,F4_GI_4-F4_STOM,0.748963
1,F4_HG_1-F4_STOM,0.764642
1,F4_HG_2-F4_STOM,0.733743
1,F4_HG_3-F4_STOM,0.753501
1,F4_PC-F4_STOM,0.5673
1,BLANK2_1_A-F5_GI_1,0.558865
1,F1_GI-F5_GI_1,0.628783
1,F1_HG-F5_GI_1,0.799169
1,F1_PC-F5_GI_1,0.587395
1,F1_STOM-F5_GI_1,0.593624
1,F2_GI-F5_GI_1,0.590597
1,F2_HG-F5_GI_1,0.770559
1,F2_PC-F5_GI_1,0.589822
1,F3_GI-F5_GI_1,0.664054
1,F3_HG-F5_GI_1,0.691804
1,F3_PC-F5_GI_1,0.536397
1,F3_STOM-F5_GI_1,0.540465
1,F4_GI_1-F5_GI_1,0.433803
1,F4_GI_2-F5_GI_1,0.529504
1,F4_GI_3-F5_GI_1,0.53969
1,F4_GI_4-F5_GI_1,0.545291
1,F4_HG_1-F5_GI_1,0.587718
1,F4_HG_2-F5_GI_1,0.558432
1,F4_HG_3-F5_GI_1,0.638816
1,F4_PC-F5_GI_1,0.569395
1,F4_STOM-F5_GI_1,0.612335
1,BLANK2_1_A-F5_GI_2,0.553161
1,F1_GI-F5_GI_2,0.551189
1,F1_HG-F5_GI_2,0.817692
1,F1_PC-F5_GI_2,0.612053
1,F1_STOM-F5_GI_2,0.690297
1,F2_GI-F5_GI_2,0.541036
1,F2_HG-F5_GI_2,0.783787
1,F2_PC-F5_GI_2,0.620451
1,F3_GI-F5_GI_2,0.625467
1,F3_HG-F5_GI_2,0.698012
1,F3_PC-F5_GI_2,0.458886
1,F3_STOM-F5_GI_2,0.627731
1,F4_GI_1-F5_GI_2,0.295889
1,F4_GI_2-F5_GI_2,0.287567
1,F4_GI_3-F5_GI_2,0.253568
1,F4_GI_4-F5_GI_2,0.243569
1,F4_HG_1-F5_GI_2,0.566315
1,F4_HG_2-F5_GI_2,0.515922
1,F4_HG_3-F5_GI_2,0.646558
1,F4_PC-F5_GI_2,0.552616
1,F4_STOM-F5_GI_2,0.695617
1,F5_GI_1-F5_GI_2,0.439765
1,BLANK2_1_A-F5_GI_3,0.577744
1,F1_GI-F5_GI_3,0.661719
1,F1_HG-F5_GI_3,0.750845
1,F1_PC-F5_GI_3,0.697363
1,F1_STOM-F5_GI_3,0.732018
1,F2_GI-F5_GI_3,0.642562
1,F2_HG-F5_GI_3,0.715233
1,F2_PC-F5_GI_3,0.70679
1,F3_GI-F5_GI_3,0.725696
1,F3_HG-F5_GI_3,0.690101
1,F3_PC-F5_GI_3,0.571618
1,F3_STOM-F5_GI_3,0.678916
1,F4_GI_1-F5_GI_3,0.407864
1,F4_GI_2-F5_GI_3,0.269773
1,F4_GI_3-F5_GI_3,0.269455
1,F4_GI_4-F5_GI_3,0.258137
1,F4_HG_1-F5_GI_3,0.525032
1,F4_HG_2-F5_GI_3,0.478598
1,F4_HG_3-F5_GI_3,0.601019
1,F4_PC-F5_GI_3,0.623569
1,F4_STOM-F5_GI_3,0.757749
1,F5_GI_1-F5_GI_3,0.510086
1,F5_GI_2-F5_GI_3,0.238797
1,BLANK2_1_A-F5_GI_4,0.43431
1,F1_GI-F5_GI_4,0.550147
1,F1_HG-F5_GI_4,0.620963
1,F1_PC-F5_GI_4,0.67333
1,F1_STOM-F5_GI_4,0.661667
1,F2_GI-F5_GI_4,0.540844
1,F2_HG-F5_GI_4,0.581956
1,F2_PC-F5_GI_4,0.646354
1,F3_GI-F5_GI_4,0.636598
1,F3_HG-F5_GI_4,0.579598
1,F3_PC-F5_GI_4,0.452573
1,F3_STOM-F5_GI_4,0.610714
1,F4_GI_1-F5_GI_4,0.431293
1,F4_GI_2-F5_GI_4,0.469466
1,F4_GI_3-F5_GI_4,0.430781
1,F4_GI_4-F5_GI_4,0.41211
1,F4_HG_1-F5_GI_4,0.372569
1,F4_HG_2-F5_GI_4,0.323061
1,F4_HG_3-F5_GI_4,0.451552
1,F4_PC-F5_GI_4,0.435914
1,F4_STOM-F5_GI_4,0.694076
1,F5_GI_1-F5_GI_4,0.450638
1,F5_GI_2-F5_GI_4,0.260739
1,F5_GI_3-F5_GI_4,0.284709
1,BLANK2_1_A-F5_HG_1,0.477165
1,F1_GI-F5_HG_1,0.733958
1,F1_HG-F5_HG_1,0.358793
1,F1_PC-F5_HG_1,0.64891
1,F1_STOM-F5_HG_1,0.748243
1,F2_GI-F5_HG_1,0.700747
1,F2_HG-F5_HG_1,0.352177
1,F2_PC-F5_HG_1,0.617379
1,F3_GI-F5_HG_1,0.743711
1,F3_HG-F5_HG_1,0.527118
1,F3_PC-F5_HG_1,0.634211
1,F3_STOM-F5_HG_1,0.730243
1,F4_GI_1-F5_HG_1,0.678088
1,F4_GI_2-F5_HG_1,0.663056
1,F4_GI_3-F5_HG_1,0.652235
1,F4_GI_4-F5_HG_1,0.59646
1,F4_HG_1-F5_HG_1,0.257926
1,F4_HG_2-F5_HG_1,0.27513
1,F4_HG_3-F5_HG_1,0.29155
1,F4_PC-F5_HG_1,0.573435
1,F4_STOM-F5_HG_1,0.791484
1,F5_GI_1-F5_HG_1,0.586791
1,F5_GI_2-F5_HG_1,0.588659
1,F5_GI_3-F5_HG_1,0.526856
1,F5_GI_4-F5_HG_1,0.35676
1,BLANK2_1_A-F5_HG_2,0.494633
1,F1_GI-F5_HG_2,0.74381
1,F1_HG-F5_HG_2,0.338794
1,F1_PC-F5_HG_2,0.660352
1,F1_STOM-F5_HG_2,0.753396
1,F2_GI-F5_HG_2,0.713701
1,F2_HG-F5_HG_2,0.323923
1,F2_PC-F5_HG_2,0.627169
1,F3_GI-F5_HG_2,0.756917
1,F3_HG-F5_HG_2,0.52839
1,F3_PC-F5_HG_2,0.645022
1,F3_STOM-F5_HG_2,0.736622
1,F4_GI_1-F5_HG_2,0.696742
1,F4_GI_2-F5_HG_2,0.681319
1,F4_GI_3-F5_HG_2,0.672091
1,F4_GI_4-F5_HG_2,0.619069
1,F4_HG_1-F5_HG_2,0.246007
1,F4_HG_2-F5_HG_2,0.26763
1,F4_HG_3-F5_HG_2,0.272652
1,F4_PC-F5_HG_2,0.587076
1,F4_STOM-F5_HG_2,0.800723
1,F5_GI_1-F5_HG_2,0.602042
1,F5_GI_2-F5_HG_2,0.61067
1,F5_GI_3-F5_HG_2,0.548717
1,F5_GI_4-F5_HG_2,0.38077
1,F5_HG_1-F5_HG_2,0.055469
1,BLANK2_1_A-F5_HG_3,0.527587
1,F1_GI-F5_HG_3,0.784696
1,F1_HG-F5_HG_3,0.341087
1,F1_PC-F5_HG_3,0.637467
1,F1_STOM-F5_HG_3,0.771181
1,F2_GI-F5_HG_3,0.75501
1,F2_HG-F5_HG_3,0.324502
1,F2_PC-F5_HG_3,0.607929
1,F3_GI-F5_HG_3,0.788802
1,F3_HG-F5_HG_3,0.53785
1,F3_PC-F5_HG_3,0.682109
1,F3_STOM-F5_HG_3,0.775208
1,F4_GI_1-F5_HG_3,0.724444
1,F4_GI_2-F5_HG_3,0.706962
1,F4_GI_3-F5_HG_3,0.698828
1,F4_GI_4-F5_HG_3,0.644959
1,F4_HG_1-F5_HG_3,0.310298
1,F4_HG_2-F5_HG_3,0.32159
1,F4_HG_3-F5_HG_3,0.323042
1,F4_PC-F5_HG_3,0.615049
1,F4_STOM-F5_HG_3,0.819632
1,F5_GI_1-F5_HG_3,0.646465
1,F5_GI_2-F5_HG_3,0.648985
1,F5_GI_3-F5_HG_3,0.583212
1,F5_GI_4-F5_HG_3,0.418925
1,F5_HG_1-F5_HG_3,0.083214
1,F5_HG_2-F5_HG_3,0.093705
1,BLANK2_1_A-F5_PC,0.429482
1,F1_GI-F5_PC,0.680264
1,F1_HG-F5_PC,0.535752
1,F1_PC-F5_PC,0.600407
1,F1_STOM-F5_PC,0.706704
1,F2_GI-F5_PC,0.63949
1,F2_HG-F5_PC,0.506392
1,F2_PC-F5_PC,0.59939
1,F3_GI-F5_PC,0.661755
1,F3_HG-F5_PC,0.601536
1,F3_PC-F5_PC,0.57848
1,F3_STOM-F5_PC,0.679333
1,F4_GI_1-F5_PC,0.515522
1,F4_GI_2-F5_PC,0.513803
1,F4_GI_3-F5_PC,0.483994
1,F4_GI_4-F5_PC,0.436627
1,F4_HG_1-F5_PC,0.267501
1,F4_HG_2-F5_PC,0.229515
1,F4_HG_3-F5_PC,0.324979
1,F4_PC-F5_PC,0.480879
1,F4_STOM-F5_PC,0.723554
1,F5_GI_1-F5_PC,0.485372
1,F5_GI_2-F5_PC,0.449549
1,F5_GI_3-F5_PC,0.489915
1,F5_GI_4-F5_PC,0.329774
1,F5_HG_1-F5_PC,0.326483
1,F5_HG_2-F5_PC,0.343104
1,F5_HG_3-F5_PC,0.375417
1,BLANK2_1_A-F5_STOM,0.491608
1,F1_GI-F5_STOM,0.625211
1,F1_HG-F5_STOM,0.672547
1,F1_PC-F5_STOM,0.660977
1,F1_STOM-F5_STOM,0.387255
1,F2_GI-F5_STOM,0.575553
1,F2_HG-F5_STOM,0.640878
1,F2_PC-F5_STOM,0.625444
1,F3_GI-F5_STOM,0.662726
1,F3_HG-F5_STOM,0.618828
1,F3_PC-F5_STOM,0.527855
1,F3_STOM-F5_STOM,0.466589
1,F4_GI_1-F5_STOM,0.441819
1,F4_GI_2-F5_STOM,0.585084
1,F4_GI_3-F5_STOM,0.564984
1,F4_GI_4-F5_STOM,0.569058
1,F4_HG_1-F5_STOM,0.459462
1,F4_HG_2-F5_STOM,0.429779
1,F4_HG_3-F5_STOM,0.51929
1,F4_PC-F5_STOM,0.457859
1,F4_STOM-F5_STOM,0.45064
1,F5_GI_1-F5_STOM,0.407909
1,F5_GI_2-F5_STOM,0.494092
1,F5_GI_3-F5_STOM,0.51196
1,F5_GI_4-F5_STOM,0.347939
1,F5_HG_1-F5_STOM,0.462578
1,F5_HG_2-F5_STOM,0.479848
1,F5_HG_3-F5_STOM,0.505001
1,F5_PC-F5_STOM,0.38589
1,BLANK2_1_A-F6_GI_1,0.608408
1,F1_GI-F6_GI_1,0.838628
1,F1_HG-F6_GI_1,0.671157
1,F1_PC-F6_GI_1,0.470441
1,F1_STOM-F6_GI_1,0.797628
1,F2_GI-F6_GI_1,0.796451
1,F2_HG-F6_GI_1,0.62496
1,F2_PC-F6_GI_1,0.477598
1,F3_GI-F6_GI_1,0.740594
1,F3_HG-F6_GI_1,0.343043
1,F3_PC-F6_GI_1,0.548469
1,F3_STOM-F6_GI_1,0.795725
1,F4_GI_1-F6_GI_1,0.705981
1,F4_GI_2-F6_GI_1,0.693465
1,F4_GI_3-F6_GI_1,0.69652
1,F4_GI_4-F6_GI_1,0.659707
1,F4_HG_1-F6_GI_1,0.58578
1,F4_HG_2-F6_GI_1,0.588629
1,F4_HG_3-F6_GI_1,0.63182
1,F4_PC-F6_GI_1,0.681098
1,F4_STOM-F6_GI_1,0.827186
1,F5_GI_1-F6_GI_1,0.56057
1,F5_GI_2-F6_GI_1,0.651367
1,F5_GI_3-F6_GI_1,0.664155
1,F5_GI_4-F6_GI_1,0.602903
1,F5_HG_1-F6_GI_1,0.554966
1,F5_HG_2-F6_GI_1,0.561495
1,F5_HG_3-F6_GI_1,0.550737
1,F5_PC-F6_GI_1,0.567308
1,F5_STOM-F6_GI_1,0.617517
1,BLANK2_1_A-F6_GI_3,0.740828
1,F1_GI-F6_GI_3,0.86514
1,F1_HG-F6_GI_3,0.764076
1,F1_PC-F6_GI_3,0.577663
1,F1_STOM-F6_GI_3,0.819807
1,F2_GI-F6_GI_3,0.841644
1,F2_HG-F6_GI_3,0.728402
1,F2_PC-F6_GI_3,0.581146
1,F3_GI-F6_GI_3,0.848609
1,F3_HG-F6_GI_3,0.650186
1,F3_PC-F6_GI_3,0.638073
1,F3_STOM-F6_GI_3,0.828914
1,F4_GI_1-F6_GI_3,0.781698
1,F4_GI_2-F6_GI_3,0.769874
1,F4_GI_3-F6_GI_3,0.742672
1,F4_GI_4-F6_GI_3,0.695924
1,F4_HG_1-F6_GI_3,0.690969
1,F4_HG_2-F6_GI_3,0.69758
1,F4_HG_3-F6_GI_3,0.765052
1,F4_PC-F6_GI_3,0.80918
1,F4_STOM-F6_GI_3,0.881706
1,F5_GI_1-F6_GI_3,0.729839
1,F5_GI_2-F6_GI_3,0.691952
1,F5_GI_3-F6_GI_3,0.724086
1,F5_GI_4-F6_GI_3,0.663825
1,F5_HG_1-F6_GI_3,0.6599
1,F5_HG_2-F6_GI_3,0.670431
1,F5_HG_3-F6_GI_3,0.655272
1,F5_PC-F6_GI_3,0.704174
1,F5_STOM-F6_GI_3,0.681598
1,F6_GI_1-F6_GI_3,0.502327
1,BLANK2_1_A-F6_GI_4,0.603407
1,F1_GI-F6_GI_4,0.846286
1,F1_HG-F6_GI_4,0.589904
1,F1_PC-F6_GI_4,0.484544
1,F1_STOM-F6_GI_4,0.797889
1,F2_GI-F6_GI_4,0.822057
1,F2_HG-F6_GI_4,0.552735
1,F2_PC-F6_GI_4,0.477728
1,F3_GI-F6_GI_4,0.888804
1,F3_HG-F6_GI_4,0.406546
1,F3_PC-F6_GI_4,0.620481
1,F3_STOM-F6_GI_4,0.8238
1,F4_GI_1-F6_GI_4,0.789254
1,F4_GI_2-F6_GI_4,0.777554
1,F4_GI_3-F6_GI_4,0.759163
1,F4_GI_4-F6_GI_4,0.713175
1,F4_HG_1-F6_GI_4,0.527008
1,F4_HG_2-F6_GI_4,0.536105
1,F4_HG_3-F6_GI_4,0.581358
1,F4_PC-F6_GI_4,0.718388
1,F4_STOM-F6_GI_4,0.86257
1,F5_GI_1-F6_GI_4,0.708588
1,F5_GI_2-F6_GI_4,0.722549
1,F5_GI_3-F6_GI_4,0.697937
1,F5_GI_4-F6_GI_4,0.558368
1,F5_HG_1-F6_GI_4,0.455298
1,F5_HG_2-F6_GI_4,0.455177
1,F5_HG_3-F6_GI_4,0.444108
1,F5_PC-F6_GI_4,0.570836
1,F5_STOM-F6_GI_4,0.591544
1,F6_GI_1-F6_GI_4,0.405156
1,F6_GI_3-F6_GI_4,0.525753
1,BLANK2_1_A-F6_HG_1,0.651116
1,F1_GI-F6_HG_1,0.905701
1,F1_HG-F6_HG_1,0.537633
1,F1_PC-F6_HG_1,0.638515
1,F1_STOM-F6_HG_1,0.854086
1,F2_GI-F6_HG_1,0.879681
1,F2_HG-F6_HG_1,0.476156
1,F2_PC-F6_HG_1,0.63393
1,F3_GI-F6_HG_1,0.91806
1,F3_HG-F6_HG_1,0.317186
1,F3_PC-F6_HG_1,0.677463
1,F3_STOM-F6_HG_1,0.869526
1,F4_GI_1-F6_HG_1,0.833767
1,F4_GI_2-F6_HG_1,0.814788
1,F4_GI_3-F6_HG_1,0.799567
1,F4_GI_4-F6_HG_1,0.759653
1,F4_HG_1-F6_HG_1,0.5472
1,F4_HG_2-F6_HG_1,0.569859
1,F4_HG_3-F6_HG_1,0.551587
1,F4_PC-F6_HG_1,0.749944
1,F4_STOM-F6_HG_1,0.896449
1,F5_GI_1-F6_HG_1,0.773398
1,F5_GI_2-F6_HG_1,0.778589
1,F5_GI_3-F6_HG_1,0.757941
1,F5_GI_4-F6_HG_1,0.615208
1,F5_HG_1-F6_HG_1,0.489562
1,F5_HG_2-F6_HG_1,0.483264
1,F5_HG_3-F6_HG_1,0.475054
1,F5_PC-F6_HG_1,0.616028
1,F5_STOM-F6_HG_1,0.665175
1,F6_GI_1-F6_HG_1,0.381249
1,F6_GI_3-F6_HG_1,0.63493
1,F6_GI_4-F6_HG_1,0.293465
1,BLANK2_1_A-F6_HG_2,0.596423
1,F1_GI-F6_HG_2,0.839716
1,F1_HG-F6_HG_2,0.628067
1,F1_PC-F6_HG_2,0.670411
1,F1_STOM-F6_HG_2,0.801865
1,F2_GI-F6_HG_2,0.801868
1,F2_HG-F6_HG_2,0.552152
1,F2_PC-F6_HG_2,0.638096
1,F3_GI-F6_HG_2,0.718344
1,F3_HG-F6_HG_2,0.281558
1,F3_PC-F6_HG_2,0.621627
1,F3_STOM-F6_HG_2,0.803421
1,F4_GI_1-F6_HG_2,0.761634
1,F4_GI_2-F6_HG_2,0.74526
1,F4_GI_3-F6_HG_2,0.729395
1,F4_GI_4-F6_HG_2,0.69593
1,F4_HG_1-F6_HG_2,0.556259
1,F4_HG_2-F6_HG_2,0.554719
1,F4_HG_3-F6_HG_2,0.550695
1,F4_PC-F6_HG_2,0.651977
1,F4_STOM-F6_HG_2,0.826027
1,F5_GI_1-F6_HG_2,0.706347
1,F5_GI_2-F6_HG_2,0.707852
1,F5_GI_3-F6_HG_2,0.66659
1,F5_GI_4-F6_HG_2,0.571759
1,F5_HG_1-F6_HG_2,0.522743
1,F5_HG_2-F6_HG_2,0.524857
1,F5_HG_3-F6_HG_2,0.532713
1,F5_PC-F6_HG_2,0.563741
1,F5_STOM-F6_HG_2,0.619627
1,F6_GI_1-F6_HG_2,0.401583
1,F6_GI_3-F6_HG_2,0.628532
1,F6_GI_4-F6_HG_2,0.434647
1,F6_HG_1-F6_HG_2,0.318121
1,BLANK2_1_A-F6_HG_3,0.62512
1,F1_GI-F6_HG_3,0.885706
1,F1_HG-F6_HG_3,0.579037
1,F1_PC-F6_HG_3,0.640571
1,F1_STOM-F6_HG_3,0.838833
1,F2_GI-F6_HG_3,0.856754
1,F2_HG-F6_HG_3,0.526461
1,F2_PC-F6_HG_3,0.604551
1,F3_GI-F6_HG_3,0.810661
1,F3_HG-F6_HG_3,0.281463
1,F3_PC-F6_HG_3,0.648379
1,F3_STOM-F6_HG_3,0.843523
1,F4_GI_1-F6_HG_3,0.80106
1,F4_GI_2-F6_HG_3,0.7815
1,F4_GI_3-F6_HG_3,0.768197
1,F4_GI_4-F6_HG_3,0.733228
1,F4_HG_1-F6_HG_3,0.566959
1,F4_HG_2-F6_HG_3,0.588116
1,F4_HG_3-F6_HG_3,0.580177
1,F4_PC-F6_HG_3,0.70214
1,F4_STOM-F6_HG_3,0.872397
1,F5_GI_1-F6_HG_3,0.745495
1,F5_GI_2-F6_HG_3,0.74811
1,F5_GI_3-F6_HG_3,0.713082
1,F5_GI_4-F6_HG_3,0.619179
1,F5_HG_1-F6_HG_3,0.540922
1,F5_HG_2-F6_HG_3,0.532708
1,F5_HG_3-F6_HG_3,0.529938
1,F5_PC-F6_HG_3,0.599623
1,F5_STOM-F6_HG_3,0.658984
1,F6_GI_1-F6_HG_3,0.356036
1,F6_GI_3-F6_HG_3,0.632838
1,F6_GI_4-F6_HG_3,0.399711
1,F6_HG_1-F6_HG_3,0.223878
1,F6_HG_2-F6_HG_3,0.211925
1,BLANK2_1_A-F6_PC,0.611063
1,F1_GI-F6_PC,0.882406
1,F1_HG-F6_PC,0.582033
1,F1_PC-F6_PC,0.602317
1,F1_STOM-F6_PC,0.834279
1,F2_GI-F6_PC,0.85302
1,F2_HG-F6_PC,0.528778
1,F2_PC-F6_PC,0.570426
1,F3_GI-F6_PC,0.818615
1,F3_HG-F6_PC,0.237963
1,F3_PC-F6_PC,0.643798
1,F3_STOM-F6_PC,0.843235
1,F4_GI_1-F6_PC,0.804031
1,F4_GI_2-F6_PC,0.785661
1,F4_GI_3-F6_PC,0.771105
1,F4_GI_4-F6_PC,0.734291
1,F4_HG_1-F6_PC,0.580639
1,F4_HG_2-F6_PC,0.595603
1,F4_HG_3-F6_PC,0.594245
1,F4_PC-F6_PC,0.693674
1,F4_STOM-F6_PC,0.873159
1,F5_GI_1-F6_PC,0.742149
1,F5_GI_2-F6_PC,0.751755
1,F5_GI_3-F6_PC,0.710495
1,F5_GI_4-F6_PC,0.609238
1,F5_HG_1-F6_PC,0.520278
1,F5_HG_2-F6_PC,0.517857
1,F5_HG_3-F6_PC,0.508383
1,F5_PC-F6_PC,0.603521
1,F5_STOM-F6_PC,0.654046
1,F6_GI_1-F6_PC,0.328796
1,F6_GI_3-F6_PC,0.60547
1,F6_GI_4-F6_PC,0.340987
1,F6_HG_1-F6_PC,0.188184
1,F6_HG_2-F6_PC,0.272669
1,F6_HG_3-F6_PC,0.15417
1,BLANK2_1_A-F7_GI_2,0.63409
1,F1_GI-F7_GI_2,0.393838
1,F1_HG-F7_GI_2,0.867782
1,F1_PC-F7_GI_2,0.667667
1,F1_STOM-F7_GI_2,0.623268
1,F2_GI-F7_GI_2,0.321969
1,F2_HG-F7_GI_2,0.833225
1,F2_PC-F7_GI_2,0.68491
1,F3_GI-F7_GI_2,0.525607
1,F3_HG-F7_GI_2,0.736603
1,F3_PC-F7_GI_2,0.44585
1,F3_STOM-F7_GI_2,0.614481
1,F4_GI_1-F7_GI_2,0.331291
1,F4_GI_2-F7_GI_2,0.551061
1,F4_GI_3-F7_GI_2,0.499257
1,F4_GI_4-F7_GI_2,0.547566
1,F4_HG_1-F7_GI_2,0.624617
1,F4_HG_2-F7_GI_2,0.545376
1,F4_HG_3-F7_GI_2,0.630702
1,F4_PC-F7_GI_2,0.215232
1,F4_STOM-F7_GI_2,0.544687
1,F5_GI_1-F7_GI_2,0.566351
1,F5_GI_2-F7_GI_2,0.48575
1,F5_GI_3-F7_GI_2,0.632666
1,F5_GI_4-F7_GI_2,0.53873
1,F5_HG_1-F7_GI_2,0.694164
1,F5_HG_2-F7_GI_2,0.713214
1,F5_HG_3-F7_GI_2,0.732598
1,F5_PC-F7_GI_2,0.56346
1,F5_STOM-F7_GI_2,0.556197
1,F6_GI_1-F7_GI_2,0.694952
1,F6_GI_3-F7_GI_2,0.768665
1,F6_GI_4-F7_GI_2,0.77095
1,F6_HG_1-F7_GI_2,0.827625
1,F6_HG_2-F7_GI_2,0.751767
1,F6_HG_3-F7_GI_2,0.794838
1,F6_PC-F7_GI_2,0.794152
1,BLANK2_1_A-F7_GI_3,0.662215
1,F1_GI-F7_GI_3,0.818228
1,F1_HG-F7_GI_3,0.697664
1,F1_PC-F7_GI_3,0.676393
1,F1_STOM-F7_GI_3,0.805724
1,F2_GI-F7_GI_3,0.78626
1,F2_HG-F7_GI_3,0.674706
1,F2_PC-F7_GI_3,0.660342
1,F3_GI-F7_GI_3,0.792031
1,F3_HG-F7_GI_3,0.63759
1,F3_PC-F7_GI_3,0.744811
1,F3_STOM-F7_GI_3,0.815074
1,F4_GI_1-F7_GI_3,0.74854
1,F4_GI_2-F7_GI_3,0.721381
1,F4_GI_3-F7_GI_3,0.705764
1,F4_GI_4-F7_GI_3,0.631989
1,F4_HG_1-F7_GI_3,0.596736
1,F4_HG_2-F7_GI_3,0.599934
1,F4_HG_3-F7_GI_3,0.633981
1,F4_PC-F7_GI_3,0.678195
1,F4_STOM-F7_GI_3,0.803826
1,F5_GI_1-F7_GI_3,0.693754
1,F5_GI_2-F7_GI_3,0.646372
1,F5_GI_3-F7_GI_3,0.590055
1,F5_GI_4-F7_GI_3,0.568137
1,F5_HG_1-F7_GI_3,0.593604
1,F5_HG_2-F7_GI_3,0.605462
1,F5_HG_3-F7_GI_3,0.594741
1,F5_PC-F7_GI_3,0.626858
1,F5_STOM-F7_GI_3,0.668293
1,F6_GI_1-F7_GI_3,0.664716
1,F6_GI_3-F7_GI_3,0.660234
1,F6_GI_4-F7_GI_3,0.633016
1,F6_HG_1-F7_GI_3,0.685798
1,F6_HG_2-F7_GI_3,0.633649
1,F6_HG_3-F7_GI_3,0.681953
1,F6_PC-F7_GI_3,0.67072
1,F7_GI_2-F7_GI_3,0.735364
1,BLANK2_1_A-F7_GI_4,0.622971
1,F1_GI-F7_GI_4,0.843155
1,F1_HG-F7_GI_4,0.608396
1,F1_PC-F7_GI_4,0.68677
1,F1_STOM-F7_GI_4,0.815626
1,F2_GI-F7_GI_4,0.810526
1,F2_HG-F7_GI_4,0.580984
1,F2_PC-F7_GI_4,0.656619
1,F3_GI-F7_GI_4,0.818092
1,F3_HG-F7_GI_4,0.614988
1,F3_PC-F7_GI_4,0.764723
1,F3_STOM-F7_GI_4,0.833692
1,F4_GI_1-F7_GI_4,0.776686
1,F4_GI_2-F7_GI_4,0.749787
1,F4_GI_3-F7_GI_4,0.733125
1,F4_GI_4-F7_GI_4,0.65802
1,F4_HG_1-F7_GI_4,0.528008
1,F4_HG_2-F7_GI_4,0.532234
1,F4_HG_3-F7_GI_4,0.571425
1,F4_PC-F7_GI_4,0.678725
1,F4_STOM-F7_GI_4,0.824344
1,F5_GI_1-F7_GI_4,0.715672
1,F5_GI_2-F7_GI_4,0.673996
1,F5_GI_3-F7_GI_4,0.617333
1,F5_GI_4-F7_GI_4,0.541651
1,F5_HG_1-F7_GI_4,0.515657
1,F5_HG_2-F7_GI_4,0.526855
1,F5_HG_3-F7_GI_4,0.513266
1,F5_PC-F7_GI_4,0.566691
1,F5_STOM-F7_GI_4,0.642241
1,F6_GI_1-F7_GI_4,0.636295
1,F6_GI_3-F7_GI_4,0.63688
1,F6_GI_4-F7_GI_4,0.559965
1,F6_HG_1-F7_GI_4,0.60448
1,F6_HG_2-F7_GI_4,0.603078
1,F6_HG_3-F7_GI_4,0.63067
1,F6_PC-F7_GI_4,0.614478
1,F7_GI_2-F7_GI_4,0.768163
1,F7_GI_3-F7_GI_4,0.200167
1,BLANK2_1_A-F7_HG_1,0.716473
1,F1_GI-F7_HG_1,0.909306
1,F1_HG-F7_HG_1,0.281127
1,F1_PC-F7_HG_1,0.78447
1,F1_STOM-F7_HG_1,0.85853
1,F2_GI-F7_HG_1,0.890245
1,F2_HG-F7_HG_1,0.241221
1,F2_PC-F7_HG_1,0.773141
1,F3_GI-F7_HG_1,0.931612
1,F3_HG-F7_HG_1,0.644376
1,F3_PC-F7_HG_1,0.814215
1,F3_STOM-F7_HG_1,0.874599
1,F4_GI_1-F7_HG_1,0.830335
1,F4_GI_2-F7_HG_1,0.765609
1,F4_GI_3-F7_HG_1,0.749588
1,F4_GI_4-F7_HG_1,0.693779
1,F4_HG_1-F7_HG_1,0.354303
1,F4_HG_2-F7_HG_1,0.42608
1,F4_HG_3-F7_HG_1,0.354907
1,F4_PC-F7_HG_1,0.747856
1,F4_STOM-F7_HG_1,0.890476
1,F5_GI_1-F7_HG_1,0.789705
1,F5_GI_2-F7_HG_1,0.706558
1,F5_GI_3-F7_HG_1,0.670458
1,F5_GI_4-F7_HG_1,0.549513
1,F5_HG_1-F7_HG_1,0.394834
1,F5_HG_2-F7_HG_1,0.369513
1,F5_HG_3-F7_HG_1,0.386248
1,F5_PC-F7_HG_1,0.557441
1,F5_STOM-F7_HG_1,0.664118
1,F6_GI_1-F7_HG_1,0.654179
1,F6_GI_3-F7_HG_1,0.754906
1,F6_GI_4-F7_HG_1,0.589156
1,F6_HG_1-F7_HG_1,0.525709
1,F6_HG_2-F7_HG_1,0.594699
1,F6_HG_3-F7_HG_1,0.543086
1,F6_PC-F7_HG_1,0.55055
1,F7_GI_2-F7_HG_1,0.865631
1,F7_GI_3-F7_HG_1,0.644218
1,F7_GI_4-F7_HG_1,0.553037
1,BLANK2_1_A-F7_HG_2,0.737723
1,F1_GI-F7_HG_2,0.926583
1,F1_HG-F7_HG_2,0.281012
1,F1_PC-F7_HG_2,0.806057
1,F1_STOM-F7_HG_2,0.872696
1,F2_GI-F7_HG_2,0.911489
1,F2_HG-F7_HG_2,0.218226
1,F2_PC-F7_HG_2,0.793416
1,F3_GI-F7_HG_2,0.957398
1,F3_HG-F7_HG_2,0.662555
1,F3_PC-F7_HG_2,0.832169
1,F3_STOM-F7_HG_2,0.889941
1,F4_GI_1-F7_HG_2,0.855513
1,F4_GI_2-F7_HG_2,0.787638
1,F4_GI_3-F7_HG_2,0.77378
1,F4_GI_4-F7_HG_2,0.719958
1,F4_HG_1-F7_HG_2,0.377144
1,F4_HG_2-F7_HG_2,0.447291
1,F4_HG_3-F7_HG_2,0.361482
1,F4_PC-F7_HG_2,0.771976
1,F4_STOM-F7_HG_2,0.90989
1,F5_GI_1-F7_HG_2,0.812299
1,F5_GI_2-F7_HG_2,0.732659
1,F5_GI_3-F7_HG_2,0.695848
1,F5_GI_4-F7_HG_2,0.575047
1,F5_HG_1-F7_HG_2,0.393125
1,F5_HG_2-F7_HG_2,0.366831
1,F5_HG_3-F7_HG_2,0.373183
1,F5_PC-F7_HG_2,0.585031
1,F5_STOM-F7_HG_2,0.687501
1,F6_GI_1-F7_HG_2,0.677111
1,F6_GI_3-F7_HG_2,0.774056
1,F6_GI_4-F7_HG_2,0.5987
1,F6_HG_1-F7_HG_2,0.52606
1,F6_HG_2-F7_HG_2,0.607456
1,F6_HG_3-F7_HG_2,0.559359
1,F6_PC-F7_HG_2,0.562146
1,F7_GI_2-F7_HG_2,0.887831
1,F7_GI_3-F7_HG_2,0.683412
1,F7_GI_4-F7_HG_2,0.592621
1,F7_HG_1-F7_HG_2,0.094751
1,BLANK2_1_A-F7_HG_3,0.755362
1,F1_GI-F7_HG_3,0.93706
1,F1_HG-F7_HG_3,0.307145
1,F1_PC-F7_HG_3,0.819484
1,F1_STOM-F7_HG_3,0.881975
1,F2_GI-F7_HG_3,0.925635
1,F2_HG-F7_HG_3,0.232679
1,F2_PC-F7_HG_3,0.809634
1,F3_GI-F7_HG_3,0.971313
1,F3_HG-F7_HG_3,0.677065
1,F3_PC-F7_HG_3,0.845264
1,F3_STOM-F7_HG_3,0.89836
1,F4_GI_1-F7_HG_3,0.872664
1,F4_GI_2-F7_HG_3,0.776294
1,F4_GI_3-F7_HG_3,0.763921
1,F4_GI_4-F7_HG_3,0.730665
1,F4_HG_1-F7_HG_3,0.406016
1,F4_HG_2-F7_HG_3,0.476211
1,F4_HG_3-F7_HG_3,0.384307
1,F4_PC-F7_HG_3,0.78945
1,F4_STOM-F7_HG_3,0.921936
1,F5_GI_1-F7_HG_3,0.828516
1,F5_GI_2-F7_HG_3,0.761792
1,F5_GI_3-F7_HG_3,0.689265
1,F5_GI_4-F7_HG_3,0.604452
1,F5_HG_1-F7_HG_3,0.407875
1,F5_HG_2-F7_HG_3,0.382119
1,F5_HG_3-F7_HG_3,0.387623
1,F5_PC-F7_HG_3,0.609924
1,F5_STOM-F7_HG_3,0.706466
1,F6_GI_1-F7_HG_3,0.695604
1,F6_GI_3-F7_HG_3,0.795511
1,F6_GI_4-F7_HG_3,0.612596
1,F6_HG_1-F7_HG_3,0.541114
1,F6_HG_2-F7_HG_3,0.624827
1,F6_HG_3-F7_HG_3,0.577276
1,F6_PC-F7_HG_3,0.577497
1,F7_GI_2-F7_HG_3,0.903329
1,F7_GI_3-F7_HG_3,0.719182
1,F7_GI_4-F7_HG_3,0.626816
1,F7_HG_1-F7_HG_3,0.143759
1,F7_HG_2-F7_HG_3,0.066737
1,BLANK2_1_A-F7_STOM,0.769352
1,F1_GI-F7_STOM,0.627462
1,F1_HG-F7_STOM,0.89557
1,F1_PC-F7_STOM,0.831493
1,F1_STOM-F7_STOM,0.238437
1,F2_GI-F7_STOM,0.597117
1,F2_HG-F7_STOM,0.881488
1,F2_PC-F7_STOM,0.833036
1,F3_GI-F7_STOM,0.708121
1,F3_HG-F7_STOM,0.829765
1,F3_PC-F7_STOM,0.64409
1,F3_STOM-F7_STOM,0.435743
1,F4_GI_1-F7_STOM,0.590691
1,F4_GI_2-F7_STOM,0.773284
1,F4_GI_3-F7_STOM,0.76048
1,F4_GI_4-F7_STOM,0.788601
1,F4_HG_1-F7_STOM,0.801821
1,F4_HG_2-F7_STOM,0.772078
1,F4_HG_3-F7_STOM,0.791476
1,F4_PC-F7_STOM,0.627129
1,F4_STOM-F7_STOM,0.248758
1,F5_GI_1-F7_STOM,0.632622
1,F5_GI_2-F7_STOM,0.726866
1,F5_GI_3-F7_STOM,0.76926
1,F5_GI_4-F7_STOM,0.716765
1,F5_HG_1-F7_STOM,0.799555
1,F5_HG_2-F7_STOM,0.804849
1,F5_HG_3-F7_STOM,0.822211
1,F5_PC-F7_STOM,0.758076
1,F5_STOM-F7_STOM,0.46877
1,F6_GI_1-F7_STOM,0.843486
1,F6_GI_3-F7_STOM,0.866268
1,F6_GI_4-F7_STOM,0.857474
1,F6_HG_1-F7_STOM,0.895361
1,F6_HG_2-F7_STOM,0.83953
1,F6_HG_3-F7_STOM,0.876375
1,F6_PC-F7_STOM,0.875503
1,F7_GI_2-F7_STOM,0.626537
1,F7_GI_3-F7_STOM,0.837865
1,F7_GI_4-F7_STOM,0.851878
1,F7_HG_1-F7_STOM,0.888876
1,F7_HG_2-F7_STOM,0.902138
1,F7_HG_3-F7_STOM,0.909859
1,BLANK2_1_A-F8_GI_1,0.593676
1,F1_GI-F8_GI_1,0.527041
1,F1_HG-F8_GI_1,0.850788
1,F1_PC-F8_GI_1,0.596325
1,F1_STOM-F8_GI_1,0.658562
1,F2_GI-F8_GI_1,0.479032
1,F2_HG-F8_GI_1,0.818868
1,F2_PC-F8_GI_1,0.642012
1,F3_GI-F8_GI_1,0.565531
1,F3_HG-F8_GI_1,0.728361
1,F3_PC-F8_GI_1,0.481367
1,F3_STOM-F8_GI_1,0.613669
1,F4_GI_1-F8_GI_1,0.399834
1,F4_GI_2-F8_GI_1,0.52584
1,F4_GI_3-F8_GI_1,0.49369
1,F4_GI_4-F8_GI_1,0.537689
1,F4_HG_1-F8_GI_1,0.603942
1,F4_HG_2-F8_GI_1,0.525681
1,F4_HG_3-F8_GI_1,0.611914
1,F4_PC-F8_GI_1,0.457682
1,F4_STOM-F8_GI_1,0.651281
1,F5_GI_1-F8_GI_1,0.29705
1,F5_GI_2-F8_GI_1,0.442397
1,F5_GI_3-F8_GI_1,0.590617
1,F5_GI_4-F8_GI_1,0.490592
1,F5_HG_1-F8_GI_1,0.64497
1,F5_HG_2-F8_GI_1,0.660521
1,F5_HG_3-F8_GI_1,0.695907
1,F5_PC-F8_GI_1,0.535088
1,F5_STOM-F8_GI_1,0.544589
1,F6_GI_1-F8_GI_1,0.602182
1,F6_GI_3-F8_GI_1,0.759763
1,F6_GI_4-F8_GI_1,0.74595
1,F6_HG_1-F8_GI_1,0.819241
1,F6_HG_2-F8_GI_1,0.747222
1,F6_HG_3-F8_GI_1,0.789608
1,F6_PC-F8_GI_1,0.785653
1,F7_GI_2-F8_GI_1,0.370685
1,F7_GI_3-F8_GI_1,0.694224
1,F7_GI_4-F8_GI_1,0.735281
1,F7_HG_1-F8_GI_1,0.847166
1,F7_HG_2-F8_GI_1,0.870233
1,F7_HG_3-F8_GI_1,0.886959
1,F7_STOM-F8_GI_1,0.69356
1,BLANK2_1_A-F8_GI_2,0.563436
1,F1_GI-F8_GI_2,0.618356
1,F1_HG-F8_GI_2,0.816965
1,F1_PC-F8_GI_2,0.457888
1,F1_STOM-F8_GI_2,0.707509
1,F2_GI-F8_GI_2,0.569127
1,F2_HG-F8_GI_2,0.781096
1,F2_PC-F8_GI_2,0.529452
1,F3_GI-F8_GI_2,0.612988
1,F3_HG-F8_GI_2,0.679569
1,F3_PC-F8_GI_2,0.546546
1,F3_STOM-F8_GI_2,0.668765
1,F4_GI_1-F8_GI_2,0.50167
1,F4_GI_2-F8_GI_2,0.514274
1,F4_GI_3-F8_GI_2,0.502061
1,F4_GI_4-F8_GI_2,0.484089
1,F4_HG_1-F8_GI_2,0.585428
1,F4_HG_2-F8_GI_2,0.535149
1,F4_HG_3-F8_GI_2,0.614183
1,F4_PC-F8_GI_2,0.568472
1,F4_STOM-F8_GI_2,0.708382
1,F5_GI_1-F8_GI_2,0.369266
1,F5_GI_2-F8_GI_2,0.428402
1,F5_GI_3-F8_GI_2,0.558534
1,F5_GI_4-F8_GI_2,0.50142
1,F5_HG_1-F8_GI_2,0.587639
1,F5_HG_2-F8_GI_2,0.608418
1,F5_HG_3-F8_GI_2,0.632481
1,F5_PC-F8_GI_2,0.418353
1,F5_STOM-F8_GI_2,0.568451
1,F6_GI_1-F8_GI_2,0.544835
1,F6_GI_3-F8_GI_2,0.674382
1,F6_GI_4-F8_GI_2,0.684614
1,F6_HG_1-F8_GI_2,0.770822
1,F6_HG_2-F8_GI_2,0.706149
1,F6_HG_3-F8_GI_2,0.745415
1,F6_PC-F8_GI_2,0.737137
1,F7_GI_2-F8_GI_2,0.46438
1,F7_GI_3-F8_GI_2,0.638207
1,F7_GI_4-F8_GI_2,0.673114
1,F7_HG_1-F8_GI_2,0.808586
1,F7_HG_2-F8_GI_2,0.830803
1,F7_HG_3-F8_GI_2,0.847423
1,F7_STOM-F8_GI_2,0.747273
1,F8_GI_1-F8_GI_2,0.276
1,BLANK2_1_A-F8_GI_3,0.612621
1,F1_GI-F8_GI_3,0.775016
1,F1_HG-F8_GI_3,0.788708
1,F1_PC-F8_GI_3,0.522281
1,F1_STOM-F8_GI_3,0.767205
1,F2_GI-F8_GI_3,0.729959
1,F2_HG-F8_GI_3,0.7619
1,F2_PC-F8_GI_3,0.528839
1,F3_GI-F8_GI_3,0.771457
1,F3_HG-F8_GI_3,0.68765
1,F3_PC-F8_GI_3,0.668347
1,F3_STOM-F8_GI_3,0.767666
1,F4_GI_1-F8_GI_3,0.462087
1,F4_GI_2-F8_GI_3,0.303225
1,F4_GI_3-F8_GI_3,0.305525
1,F4_GI_4-F8_GI_3,0.290601
1,F4_HG_1-F8_GI_3,0.594261
1,F4_HG_2-F8_GI_3,0.595248
1,F4_HG_3-F8_GI_3,0.692167
1,F4_PC-F8_GI_3,0.710533
1,F4_STOM-F8_GI_3,0.801594
1,F5_GI_1-F8_GI_3,0.578597
1,F5_GI_2-F8_GI_3,0.317764
1,F5_GI_3-F8_GI_3,0.278298
1,F5_GI_4-F8_GI_3,0.488578
1,F5_HG_1-F8_GI_3,0.589478
1,F5_HG_2-F8_GI_3,0.608513
1,F5_HG_3-F8_GI_3,0.624411
1,F5_PC-F8_GI_3,0.510009
1,F5_STOM-F8_GI_3,0.578961
1,F6_GI_1-F8_GI_3,0.62857
1,F6_GI_3-F8_GI_3,0.623021
1,F6_GI_4-F8_GI_3,0.622469
1,F6_HG_1-F8_GI_3,0.737163
1,F6_HG_2-F8_GI_3,0.703538
1,F6_HG_3-F8_GI_3,0.715734
1,F6_PC-F8_GI_3,0.711745
1,F7_GI_2-F8_GI_3,0.649349
1,F7_GI_3-F8_GI_3,0.617275
1,F7_GI_4-F8_GI_3,0.647423
1,F7_HG_1-F8_GI_3,0.683065
1,F7_HG_2-F8_GI_3,0.708557
1,F7_HG_3-F8_GI_3,0.707343
1,F7_STOM-F8_GI_3,0.811921
1,F8_GI_1-F8_GI_3,0.631079
1,F8_GI_2-F8_GI_3,0.504774
1,BLANK2_1_A-F8_GI_4,0.575514
1,F1_GI-F8_GI_4,0.850881
1,F1_HG-F8_GI_4,0.57205
1,F1_PC-F8_GI_4,0.584711
1,F1_STOM-F8_GI_4,0.805706
1,F2_GI-F8_GI_4,0.805759
1,F2_HG-F8_GI_4,0.54108
1,F2_PC-F8_GI_4,0.54182
1,F3_GI-F8_GI_4,0.828853
1,F3_HG-F8_GI_4,0.597473
1,F3_PC-F8_GI_4,0.739719
1,F3_STOM-F8_GI_4,0.836927
1,F4_GI_1-F8_GI_4,0.553837
1,F4_GI_2-F8_GI_4,0.526169
1,F4_GI_3-F8_GI_4,0.486254
1,F4_GI_4-F8_GI_4,0.398766
1,F4_HG_1-F8_GI_4,0.438497
1,F4_HG_2-F8_GI_4,0.440429
1,F4_HG_3-F8_GI_4,0.534906
1,F4_PC-F8_GI_4,0.678112
1,F4_STOM-F8_GI_4,0.842905
1,F5_GI_1-F8_GI_4,0.65027
1,F5_GI_2-F8_GI_4,0.424266
1,F5_GI_3-F8_GI_4,0.392667
1,F5_GI_4-F8_GI_4,0.398174
1,F5_HG_1-F8_GI_4,0.445792
1,F5_HG_2-F8_GI_4,0.458552
1,F5_HG_3-F8_GI_4,0.447047
1,F5_PC-F8_GI_4,0.417822
1,F5_STOM-F8_GI_4,0.535827
1,F6_GI_1-F8_GI_4,0.563413
1,F6_GI_3-F8_GI_4,0.586087
1,F6_GI_4-F8_GI_4,0.500285
1,F6_HG_1-F8_GI_4,0.562272
1,F6_HG_2-F8_GI_4,0.592886
1,F6_HG_3-F8_GI_4,0.5931
1,F6_PC-F8_GI_4,0.586174
1,F7_GI_2-F8_GI_4,0.734858
1,F7_GI_3-F8_GI_4,0.499547
1,F7_GI_4-F8_GI_4,0.422039
1,F7_HG_1-F8_GI_4,0.492137
1,F7_HG_2-F8_GI_4,0.527181
1,F7_HG_3-F8_GI_4,0.56151
1,F7_STOM-F8_GI_4,0.855684
1,F8_GI_1-F8_GI_4,0.728867
1,F8_GI_2-F8_GI_4,0.627995
1,F8_GI_3-F8_GI_4,0.330007
1,BLANK2_1_A-F8_HG_1,0.637329
1,F1_GI-F8_HG_1,0.873784
1,F1_HG-F8_HG_1,0.276594
1,F1_PC-F8_HG_1,0.719878
1,F1_STOM-F8_HG_1,0.83244
1,F2_GI-F8_HG_1,0.83593
1,F2_HG-F8_HG_1,0.221188
1,F2_PC-F8_HG_1,0.665678
1,F3_GI-F8_HG_1,0.857621
1,F3_HG-F8_HG_1,0.596496
1,F3_PC-F8_HG_1,0.776211
1,F3_STOM-F8_HG_1,0.848457
1,F4_GI_1-F8_HG_1,0.759453
1,F4_GI_2-F8_HG_1,0.720649
1,F4_GI_3-F8_HG_1,0.705801
1,F4_GI_4-F8_HG_1,0.656895
1,F4_HG_1-F8_HG_1,0.287947
1,F4_HG_2-F8_HG_1,0.356586
1,F4_HG_3-F8_HG_1,0.314918
1,F4_PC-F8_HG_1,0.677055
1,F4_STOM-F8_HG_1,0.862558
1,F5_GI_1-F8_HG_1,0.720639
1,F5_GI_2-F8_HG_1,0.675986
1,F5_GI_3-F8_HG_1,0.613087
1,F5_GI_4-F8_HG_1,0.500059
1,F5_HG_1-F8_HG_1,0.324646
1,F5_HG_2-F8_HG_1,0.305857
1,F5_HG_3-F8_HG_1,0.310748
1,F5_PC-F8_HG_1,0.458863
1,F5_STOM-F8_HG_1,0.591178
1,F6_GI_1-F8_HG_1,0.591466
1,F6_GI_3-F8_HG_1,0.685254
1,F6_GI_4-F8_HG_1,0.523763
1,F6_HG_1-F8_HG_1,0.503382
1,F6_HG_2-F8_HG_1,0.575845
1,F6_HG_3-F8_HG_1,0.538862
1,F6_PC-F8_HG_1,0.548315
1,F7_GI_2-F8_HG_1,0.789405
1,F7_GI_3-F8_HG_1,0.658719
1,F7_GI_4-F8_HG_1,0.574005
1,F7_HG_1-F8_HG_1,0.240299
1,F7_HG_2-F8_HG_1,0.235853
1,F7_HG_3-F8_HG_1,0.258095
1,F7_STOM-F8_HG_1,0.866885
1,F8_GI_1-F8_HG_1,0.773348
1,F8_GI_2-F8_HG_1,0.727962
1,F8_GI_3-F8_HG_1,0.649579
1,F8_GI_4-F8_HG_1,0.44703
1,BLANK2_1_A-F8_HG_2,0.616765
1,F1_GI-F8_HG_2,0.856434
1,F1_HG-F8_HG_2,0.283739
1,F1_PC-F8_HG_2,0.708154
1,F1_STOM-F8_HG_2,0.818806
1,F2_GI-F8_HG_2,0.813097
1,F2_HG-F8_HG_2,0.241583
1,F2_PC-F8_HG_2,0.656629
1,F3_GI-F8_HG_2,0.83551
1,F3_HG-F8_HG_2,0.582423
1,F3_PC-F8_HG_2,0.755146
1,F3_STOM-F8_HG_2,0.833652
1,F4_GI_1-F8_HG_2,0.73128
1,F4_GI_2-F8_HG_2,0.712289
1,F4_GI_3-F8_HG_2,0.696157
1,F4_GI_4-F8_HG_2,0.646056
1,F4_HG_1-F8_HG_2,0.262749
1,F4_HG_2-F8_HG_2,0.332954
1,F4_HG_3-F8_HG_2,0.290479
1,F4_PC-F8_HG_2,0.655728
1,F4_STOM-F8_HG_2,0.842355
1,F5_GI_1-F8_HG_2,0.689977
1,F5_GI_2-F8_HG_2,0.665038
1,F5_GI_3-F8_HG_2,0.61451
1,F5_GI_4-F8_HG_2,0.47969
1,F5_HG_1-F8_HG_2,0.316024
1,F5_HG_2-F8_HG_2,0.296157
1,F5_HG_3-F8_HG_2,0.306935
1,F5_PC-F8_HG_2,0.434304
1,F5_STOM-F8_HG_2,0.573566
1,F6_GI_1-F8_HG_2,0.576307
1,F6_GI_3-F8_HG_2,0.684581
1,F6_GI_4-F8_HG_2,0.509036
1,F6_HG_1-F8_HG_2,0.502934
1,F6_HG_2-F8_HG_2,0.564449
1,F6_HG_3-F8_HG_2,0.531714
1,F6_PC-F8_HG_2,0.54282
1,F7_GI_2-F8_HG_2,0.765148
1,F7_GI_3-F8_HG_2,0.624959
1,F7_GI_4-F8_HG_2,0.550981
1,F7_HG_1-F8_HG_2,0.256282
1,F7_HG_2-F8_HG_2,0.269351
1,F7_HG_3-F8_HG_2,0.293816
1,F7_STOM-F8_HG_2,0.85724
1,F8_GI_1-F8_HG_2,0.741793
1,F8_GI_2-F8_HG_2,0.704283
1,F8_GI_3-F8_HG_2,0.646452
1,F8_GI_4-F8_HG_2,0.431354
1,F8_HG_1-F8_HG_2,0.06716
1,BLANK2_1_A-F8_HG_3,0.636685
1,F1_GI-F8_HG_3,0.880266
1,F1_HG-F8_HG_3,0.260099
1,F1_PC-F8_HG_3,0.737305
1,F1_STOM-F8_HG_3,0.843071
1,F2_GI-F8_HG_3,0.84375
1,F2_HG-F8_HG_3,0.17597
1,F2_PC-F8_HG_3,0.689364
1,F3_GI-F8_HG_3,0.863015
1,F3_HG-F8_HG_3,0.56897
1,F3_PC-F8_HG_3,0.791356
1,F3_STOM-F8_HG_3,0.858422
1,F4_GI_1-F8_HG_3,0.817584
1,F4_GI_2-F8_HG_3,0.799611
1,F4_GI_3-F8_HG_3,0.789217
1,F4_GI_4-F8_HG_3,0.740694
1,F4_HG_1-F8_HG_3,0.320084
1,F4_HG_2-F8_HG_3,0.382105
1,F4_HG_3-F8_HG_3,0.292578
1,F4_PC-F8_HG_3,0.679282
1,F4_STOM-F8_HG_3,0.867362
1,F5_GI_1-F8_HG_3,0.74507
1,F5_GI_2-F8_HG_3,0.765645
1,F5_GI_3-F8_HG_3,0.694724
1,F5_GI_4-F8_HG_3,0.554444
1,F5_HG_1-F8_HG_3,0.313129
1,F5_HG_2-F8_HG_3,0.287897
1,F5_HG_3-F8_HG_3,0.288272
1,F5_PC-F8_HG_3,0.486909
1,F5_STOM-F8_HG_3,0.618373
1,F6_GI_1-F8_HG_3,0.609941
1,F6_GI_3-F8_HG_3,0.706631
1,F6_GI_4-F8_HG_3,0.524906
1,F6_HG_1-F8_HG_3,0.459865
1,F6_HG_2-F8_HG_3,0.550019
1,F6_HG_3-F8_HG_3,0.527241
1,F6_PC-F8_HG_3,0.517754
1,F7_GI_2-F8_HG_3,0.818217
1,F7_GI_3-F8_HG_3,0.647169
1,F7_GI_4-F8_HG_3,0.551841
1,F7_HG_1-F8_HG_3,0.295198
1,F7_HG_2-F8_HG_3,0.260362
1,F7_HG_3-F8_HG_3,0.271703
1,F7_STOM-F8_HG_3,0.874452
1,F8_GI_1-F8_HG_3,0.796491
1,F8_GI_2-F8_HG_3,0.751517
1,F8_GI_3-F8_HG_3,0.73667
1,F8_GI_4-F8_HG_3,0.5011
1,F8_HG_1-F8_HG_3,0.1579
1,F8_HG_2-F8_HG_3,0.174686
1,BLANK2_1_A-F8_STOM,0.590069
1,F1_GI-F8_STOM,0.595824
1,F1_HG-F8_STOM,0.802913
1,F1_PC-F8_STOM,0.731738
1,F1_STOM-F8_STOM,0.529095
1,F2_GI-F8_STOM,0.581377
1,F2_HG-F8_STOM,0.781234
1,F2_PC-F8_STOM,0.74248
1,F3_GI-F8_STOM,0.613159
1,F3_HG-F8_STOM,0.723414
1,F3_PC-F8_STOM,0.501922
1,F3_STOM-F8_STOM,0.474015
1,F4_GI_1-F8_STOM,0.610359
1,F4_GI_2-F8_STOM,0.632278
1,F4_GI_3-F8_STOM,0.629314
1,F4_GI_4-F8_STOM,0.653147
1,F4_HG_1-F8_STOM,0.647015
1,F4_HG_2-F8_STOM,0.600122
1,F4_HG_3-F8_STOM,0.641293
1,F4_PC-F8_STOM,0.604868
1,F4_STOM-F8_STOM,0.673663
1,F5_GI_1-F8_STOM,0.566772
1,F5_GI_2-F8_STOM,0.565124
1,F5_GI_3-F8_STOM,0.610798
1,F5_GI_4-F8_STOM,0.534339
1,F5_HG_1-F8_STOM,0.628641
1,F5_HG_2-F8_STOM,0.637975
1,F5_HG_3-F8_STOM,0.67767
1,F5_PC-F8_STOM,0.564005
1,F5_STOM-F8_STOM,0.583697
1,F6_GI_1-F8_STOM,0.66466
1,F6_GI_3-F8_STOM,0.725893
1,F6_GI_4-F8_STOM,0.726596
1,F6_HG_1-F8_STOM,0.779377
1,F6_HG_2-F8_STOM,0.718327
1,F6_HG_3-F8_STOM,0.753131
1,F6_PC-F8_STOM,0.756683
1,F7_GI_2-F8_STOM,0.605248
1,F7_GI_3-F8_STOM,0.749866
1,F7_GI_4-F8_STOM,0.744518
1,F7_HG_1-F8_STOM,0.796846
1,F7_HG_2-F8_STOM,0.814733
1,F7_HG_3-F8_STOM,0.827371
1,F7_STOM-F8_STOM,0.596383
1,F8_GI_1-F8_STOM,0.570057
1,F8_GI_2-F8_STOM,0.575826
1,F8_GI_3-F8_STOM,0.691966
1,F8_GI_4-F8_STOM,0.732669
1,F8_HG_1-F8_STOM,0.75315
1,F8_HG_2-F8_STOM,0.726831
1,F8_HG_3-F8_STOM,0.770413
1,BLANK2_1_A-MOCK1_1,0.791933
1,F1_GI-MOCK1_1,0.80568
1,F1_HG-MOCK1_1,0.865854
1,F1_PC-MOCK1_1,0.721438
1,F1_STOM-MOCK1_1,0.814593
1,F2_GI-MOCK1_1,0.794253
1,F2_HG-MOCK1_1,0.856444
1,F2_PC-MOCK1_1,0.784525
1,F3_GI-MOCK1_1,0.847754
1,F3_HG-MOCK1_1,0.83152
1,F3_PC-MOCK1_1,0.772054
1,F3_STOM-MOCK1_1,0.812357
1,F4_GI_1-MOCK1_1,0.780544
1,F4_GI_2-MOCK1_1,0.781721
1,F4_GI_3-MOCK1_1,0.76879
1,F4_GI_4-MOCK1_1,0.74544
1,F4_HG_1-MOCK1_1,0.762598
1,F4_HG_2-MOCK1_1,0.759071
1,F4_HG_3-MOCK1_1,0.778657
1,F4_PC-MOCK1_1,0.832008
1,F4_STOM-MOCK1_1,0.830865
1,F5_GI_1-MOCK1_1,0.732821
1,F5_GI_2-MOCK1_1,0.738943
1,F5_GI_3-MOCK1_1,0.804362
1,F5_GI_4-MOCK1_1,0.756314
1,F5_HG_1-MOCK1_1,0.750027
1,F5_HG_2-MOCK1_1,0.758557
1,F5_HG_3-MOCK1_1,0.772406
1,F5_PC-MOCK1_1,0.748561
1,F5_STOM-MOCK1_1,0.770163
1,F6_GI_1-MOCK1_1,0.785563
1,F6_GI_3-MOCK1_1,0.817266
1,F6_GI_4-MOCK1_1,0.842666
1,F6_HG_1-MOCK1_1,0.891759
1,F6_HG_2-MOCK1_1,0.812447
1,F6_HG_3-MOCK1_1,0.834497
1,F6_PC-MOCK1_1,0.828572
1,F7_GI_2-MOCK1_1,0.769268
1,F7_GI_3-MOCK1_1,0.776432
1,F7_GI_4-MOCK1_1,0.787582
1,F7_HG_1-MOCK1_1,0.903916
1,F7_HG_2-MOCK1_1,0.9171
1,F7_HG_3-MOCK1_1,0.92525
1,F7_STOM-MOCK1_1,0.826607
1,F8_GI_1-MOCK1_1,0.730665
1,F8_GI_2-MOCK1_1,0.632929
1,F8_GI_3-MOCK1_1,0.727273
1,F8_GI_4-MOCK1_1,0.782026
1,F8_HG_1-MOCK1_1,0.833161
1,F8_HG_2-MOCK1_1,0.824395
1,F8_HG_3-MOCK1_1,0.839544
1,F8_STOM-MOCK1_1,0.790342
1,BLANK2_1_A-MOCK1_3,0.780915
1,F1_GI-MOCK1_3,0.793714
1,F1_HG-MOCK1_3,0.868114
1,F1_PC-MOCK1_3,0.726095
1,F1_STOM-MOCK1_3,0.804246
1,F2_GI-MOCK1_3,0.782313
1,F2_HG-MOCK1_3,0.857357
1,F2_PC-MOCK1_3,0.789267
1,F3_GI-MOCK1_3,0.835247
1,F3_HG-MOCK1_3,0.830071
1,F3_PC-MOCK1_3,0.76041
1,F3_STOM-MOCK1_3,0.801291
1,F4_GI_1-MOCK1_3,0.769759
1,F4_GI_2-MOCK1_3,0.771649
1,F4_GI_3-MOCK1_3,0.758655
1,F4_GI_4-MOCK1_3,0.735437
1,F4_HG_1-MOCK1_3,0.759039
1,F4_HG_2-MOCK1_3,0.748258
1,F4_HG_3-MOCK1_3,0.773307
1,F4_PC-MOCK1_3,0.820306
1,F4_STOM-MOCK1_3,0.820837
1,F5_GI_1-MOCK1_3,0.721459
1,F5_GI_2-MOCK1_3,0.727977
1,F5_GI_3-MOCK1_3,0.793373
1,F5_GI_4-MOCK1_3,0.745147
1,F5_HG_1-MOCK1_3,0.750204
1,F5_HG_2-MOCK1_3,0.759402
1,F5_HG_3-MOCK1_3,0.773359
1,F5_PC-MOCK1_3,0.736925
1,F5_STOM-MOCK1_3,0.759754
1,F6_GI_1-MOCK1_3,0.788125
1,F6_GI_3-MOCK1_3,0.821709
1,F6_GI_4-MOCK1_3,0.845292
1,F6_HG_1-MOCK1_3,0.894245
1,F6_HG_2-MOCK1_3,0.811543
1,F6_HG_3-MOCK1_3,0.836415
1,F6_PC-MOCK1_3,0.831038
1,F7_GI_2-MOCK1_3,0.757946
1,F7_GI_3-MOCK1_3,0.775537
1,F7_GI_4-MOCK1_3,0.790191
1,F7_HG_1-MOCK1_3,0.905921
1,F7_HG_2-MOCK1_3,0.918768
1,F7_HG_3-MOCK1_3,0.926935
1,F7_STOM-MOCK1_3,0.816477
1,F8_GI_1-MOCK1_3,0.719045
1,F8_GI_2-MOCK1_3,0.621144
1,F8_GI_3-MOCK1_3,0.728667
1,F8_GI_4-MOCK1_3,0.784126
1,F8_HG_1-MOCK1_3,0.834757
1,F8_HG_2-MOCK1_3,0.825813
1,F8_HG_3-MOCK1_3,0.841272
1,F8_STOM-MOCK1_3,0.779207
1,MOCK1_1-MOCK1_3,0.040495
1,BLANK2_1_A-MOCK2_1,0.788816
1,F1_GI-MOCK2_1,0.802715
1,F1_HG-MOCK2_1,0.866392
1,F1_PC-MOCK2_1,0.722326
1,F1_STOM-MOCK2_1,0.81199
1,F2_GI-MOCK2_1,0.79128
1,F2_HG-MOCK2_1,0.856596
1,F2_PC-MOCK2_1,0.785572
1,F3_GI-MOCK2_1,0.844746
1,F3_HG-MOCK2_1,0.830648
1,F3_PC-MOCK2_1,0.769118
1,F3_STOM-MOCK2_1,0.809629
1,F4_GI_1-MOCK2_1,0.777829
1,F4_GI_2-MOCK2_1,0.779189
1,F4_GI_3-MOCK2_1,0.766217
1,F4_GI_4-MOCK2_1,0.742745
1,F4_HG_1-MOCK2_1,0.76181
1,F4_HG_2-MOCK2_1,0.756306
1,F4_HG_3-MOCK2_1,0.776143
1,F4_PC-MOCK2_1,0.829172
1,F4_STOM-MOCK2_1,0.828374
1,F5_GI_1-MOCK2_1,0.729861
1,F5_GI_2-MOCK2_1,0.736099
1,F5_GI_3-MOCK2_1,0.801644
1,F5_GI_4-MOCK2_1,0.753453
1,F5_HG_1-MOCK2_1,0.7495
1,F5_HG_2-MOCK2_1,0.75843
1,F5_HG_3-MOCK2_1,0.77242
1,F5_PC-MOCK2_1,0.745587
1,F5_STOM-MOCK2_1,0.767466
1,F6_GI_1-MOCK2_1,0.786043
1,F6_GI_3-MOCK2_1,0.818316
1,F6_GI_4-MOCK2_1,0.843277
1,F6_HG_1-MOCK2_1,0.89244
1,F6_HG_2-MOCK2_1,0.812036
1,F6_HG_3-MOCK2_1,0.834766
1,F6_PC-MOCK2_1,0.829104
1,F7_GI_2-MOCK2_1,0.766394
1,F7_GI_3-MOCK2_1,0.775925
1,F7_GI_4-MOCK2_1,0.788076
1,F7_HG_1-MOCK2_1,0.904429
1,F7_HG_2-MOCK2_1,0.917496
1,F7_HG_3-MOCK2_1,0.92566
1,F7_STOM-MOCK2_1,0.824044
1,F8_GI_1-MOCK2_1,0.727633
1,F8_GI_2-MOCK2_1,0.629642
1,F8_GI_3-MOCK2_1,0.727226
1,F8_GI_4-MOCK2_1,0.782381
1,F8_HG_1-MOCK2_1,0.833432
1,F8_HG_2-MOCK2_1,0.824566
1,F8_HG_3-MOCK2_1,0.839837
1,F8_STOM-MOCK2_1,0.787558
1,MOCK1_1-MOCK2_1,0.017842
1,MOCK1_3-MOCK2_1,0.046437
1,BLANK2_1_A-MOCK2_2,0.764405
1,F1_GI-MOCK2_2,0.773122
1,F1_HG-MOCK2_2,0.870158
1,F1_PC-MOCK2_2,0.730161
1,F1_STOM-MOCK2_2,0.786919
1,F2_GI-MOCK2_2,0.761752
1,F2_HG-MOCK2_2,0.858656
1,F2_PC-MOCK2_2,0.793654
1,F3_GI-MOCK2_2,0.815912
1,F3_HG-MOCK2_2,0.829109
1,F3_PC-MOCK2_2,0.740204
1,F3_STOM-MOCK2_2,0.782358
1,F4_GI_1-MOCK2_2,0.751158
1,F4_GI_2-MOCK2_2,0.754659
1,F4_GI_3-MOCK2_2,0.74115
1,F4_GI_4-MOCK2_2,0.723084
1,F4_HG_1-MOCK2_2,0.755246
1,F4_HG_2-MOCK2_2,0.733007
1,F4_HG_3-MOCK2_2,0.76359
1,F4_PC-MOCK2_2,0.800371
1,F4_STOM-MOCK2_2,0.804193
1,F5_GI_1-MOCK2_2,0.701872
1,F5_GI_2-MOCK2_2,0.708844
1,F5_GI_3-MOCK2_2,0.77585
1,F5_GI_4-MOCK2_2,0.725721
1,F5_HG_1-MOCK2_2,0.750077
1,F5_HG_2-MOCK2_2,0.759519
1,F5_HG_3-MOCK2_2,0.774635
1,F5_PC-MOCK2_2,0.721769
1,F5_STOM-MOCK2_2,0.742111
1,F6_GI_1-MOCK2_2,0.789986
1,F6_GI_3-MOCK2_2,0.82594
1,F6_GI_4-MOCK2_2,0.847397
1,F6_HG_1-MOCK2_2,0.896407
1,F6_HG_2-MOCK2_2,0.809323
1,F6_HG_3-MOCK2_2,0.838447
1,F6_PC-MOCK2_2,0.832968
1,F7_GI_2-MOCK2_2,0.738338
1,F7_GI_3-MOCK2_2,0.773514
1,F7_GI_4-MOCK2_2,0.792128
1,F7_HG_1-MOCK2_2,0.908092
1,F7_HG_2-MOCK2_2,0.920969
1,F7_HG_3-MOCK2_2,0.929034
1,F7_STOM-MOCK2_2,0.799658
1,F8_GI_1-MOCK2_2,0.698697
1,F8_GI_2-MOCK2_2,0.600131
1,F8_GI_3-MOCK2_2,0.729832
1,F8_GI_4-MOCK2_2,0.785541
1,F8_HG_1-MOCK2_2,0.836335
1,F8_HG_2-MOCK2_2,0.827297
1,F8_HG_3-MOCK2_2,0.843164
1,F8_STOM-MOCK2_2,0.759973
1,MOCK1_1-MOCK2_2,0.068886
1,MOCK1_3-MOCK2_2,0.044736
1,MOCK2_1-MOCK2_2,0.067225
1,BLANK2_1_A-MOCK_1,0.774072
1,F1_GI-MOCK_1,0.785753
1,F1_HG-MOCK_1,0.869413
1,F1_PC-MOCK_1,0.728928
1,F1_STOM-MOCK_1,0.797273
1,F2_GI-MOCK_1,0.774364
1,F2_HG-MOCK_1,0.85813
1,F2_PC-MOCK_1,0.792171
1,F3_GI-MOCK_1,0.827969
1,F3_HG-MOCK_1,0.829101
1,F3_PC-MOCK_1,0.752657
1,F3_STOM-MOCK_1,0.793926
1,F4_GI_1-MOCK_1,0.762573
1,F4_GI_2-MOCK_1,0.764938
1,F4_GI_3-MOCK_1,0.751898
1,F4_GI_4-MOCK_1,0.730551
1,F4_HG_1-MOCK_1,0.757984
1,F4_HG_2-MOCK_1,0.741047
1,F4_HG_3-MOCK_1,0.77113
1,F4_PC-MOCK_1,0.812527
1,F4_STOM-MOCK_1,0.814084
1,F5_GI_1-MOCK_1,0.713873
1,F5_GI_2-MOCK_1,0.720658
1,F5_GI_3-MOCK_1,0.786059
1,F5_GI_4-MOCK_1,0.737699
1,F5_HG_1-MOCK_1,0.750516
1,F5_HG_2-MOCK_1,0.759707
1,F5_HG_3-MOCK_1,0.774254
1,F5_PC-MOCK_1,0.730259
1,F5_STOM-MOCK_1,0.752722
1,F6_GI_1-MOCK_1,0.789554
1,F6_GI_3-MOCK_1,0.824439
1,F6_GI_4-MOCK_1,0.846768
1,F6_HG_1-MOCK_1,0.895654
1,F6_HG_2-MOCK_1,0.810565
1,F6_HG_3-MOCK_1,0.83778
1,F6_PC-MOCK_1,0.832422
1,F7_GI_2-MOCK_1,0.750398
1,F7_GI_3-MOCK_1,0.774536
1,F7_GI_4-MOCK_1,0.791648
1,F7_HG_1-MOCK_1,0.907229
1,F7_HG_2-MOCK_1,0.92007
1,F7_HG_3-MOCK_1,0.928213
1,F7_STOM-MOCK_1,0.809749
1,F8_GI_1-MOCK_1,0.711286
1,F8_GI_2-MOCK_1,0.613242
1,F8_GI_3-MOCK_1,0.729694
1,F8_GI_4-MOCK_1,0.785244
1,F8_HG_1-MOCK_1,0.835796
1,F8_HG_2-MOCK_1,0.826868
1,F8_HG_3-MOCK_1,0.842577
1,F8_STOM-MOCK_1,0.771792
1,MOCK1_1-MOCK_1,0.068122
1,MOCK1_3-MOCK_1,0.027842
1,MOCK2_1-MOCK_1,0.074073
1,MOCK2_2-MOCK_1,0.043832
1,BLANK2_1_A-MOCK_2,0.783872
1,F1_GI-MOCK_2,0.796984
1,F1_HG-MOCK_2,0.867713
1,F1_PC-MOCK_2,0.725141
1,F1_STOM-MOCK_2,0.806894
1,F2_GI-MOCK_2,0.785568
1,F2_HG-MOCK_2,0.857068
1,F2_PC-MOCK_2,0.788387
1,F3_GI-MOCK_2,0.838719
1,F3_HG-MOCK_2,0.830068
1,F3_PC-MOCK_2,0.763551
1,F3_STOM-MOCK_2,0.804325
1,F4_GI_1-MOCK_2,0.772685
1,F4_GI_2-MOCK_2,0.774384
1,F4_GI_3-MOCK_2,0.761392
1,F4_GI_4-MOCK_2,0.738017
1,F4_HG_1-MOCK_2,0.760907
1,F4_HG_2-MOCK_2,0.751167
1,F4_HG_3-MOCK_2,0.775218
1,F4_PC-MOCK_2,0.823543
1,F4_STOM-MOCK_2,0.823423
1,F5_GI_1-MOCK_2,0.724483
1,F5_GI_2-MOCK_2,0.730903
1,F5_GI_3-MOCK_2,0.796381
1,F5_GI_4-MOCK_2,0.748147
1,F5_HG_1-MOCK_2,0.749828
1,F5_HG_2-MOCK_2,0.759041
1,F5_HG_3-MOCK_2,0.773015
1,F5_PC-MOCK_2,0.740041
1,F5_STOM-MOCK_2,0.762368
1,F6_GI_1-MOCK_2,0.787574
1,F6_GI_3-MOCK_2,0.820928
1,F6_GI_4-MOCK_2,0.844803
1,F6_HG_1-MOCK_2,0.893847
1,F6_HG_2-MOCK_2,0.811512
1,F6_HG_3-MOCK_2,0.83595
1,F6_PC-MOCK_2,0.83056
1,F7_GI_2-MOCK_2,0.761003
1,F7_GI_3-MOCK_2,0.775448
1,F7_GI_4-MOCK_2,0.789633
1,F7_HG_1-MOCK_2,0.905567
1,F7_HG_2-MOCK_2,0.918468
1,F7_HG_3-MOCK_2,0.926649
1,F7_STOM-MOCK_2,0.819069
1,F8_GI_1-MOCK_2,0.722134
1,F8_GI_2-MOCK_2,0.624153
1,F8_GI_3-MOCK_2,0.728198
1,F8_GI_4-MOCK_2,0.783642
1,F8_HG_1-MOCK_2,0.834368
1,F8_HG_2-MOCK_2,0.825407
1,F8_HG_3-MOCK_2,0.840877
1,F8_STOM-MOCK_2,0.782239
1,MOCK1_1-MOCK_2,0.029514
1,MOCK1_3-MOCK_2,0.018656
1,MOCK2_1-MOCK_2,0.0354
1,MOCK2_2-MOCK_2,0.052365
1,MOCK_1-MOCK_2,0.040393
1,BLANK2_1_A-MOCK_3,0.788009
1,F1_GI-MOCK_3,0.801753
1,F1_HG-MOCK_3,0.866952
1,F1_PC-MOCK_3,0.723536
1,F1_STOM-MOCK_3,0.811002
1,F2_GI-MOCK_3,0.790338
1,F2_HG-MOCK_3,0.856805
1,F2_PC-MOCK_3,0.786717
1,F3_GI-MOCK_3,0.843679
1,F3_HG-MOCK_3,0.830525
1,F3_PC-MOCK_3,0.768233
1,F3_STOM-MOCK_3,0.808735
1,F4_GI_1-MOCK_3,0.777
1,F4_GI_2-MOCK_3,0.778412
1,F4_GI_3-MOCK_3,0.765453
1,F4_GI_4-MOCK_3,0.741988
1,F4_HG_1-MOCK_3,0.762507
1,F4_HG_2-MOCK_3,0.755504
1,F4_HG_3-MOCK_3,0.776819
1,F4_PC-MOCK_3,0.828196
1,F4_STOM-MOCK_3,0.827395
1,F5_GI_1-MOCK_3,0.729056
1,F5_GI_2-MOCK_3,0.735313
1,F5_GI_3-MOCK_3,0.800765
1,F5_GI_4-MOCK_3,0.752629
1,F5_HG_1-MOCK_3,0.75056
1,F5_HG_2-MOCK_3,0.758799
1,F5_HG_3-MOCK_3,0.772771
1,F5_PC-MOCK_3,0.744733
1,F5_STOM-MOCK_3,0.766531
1,F6_GI_1-MOCK_3,0.786714
1,F6_GI_3-MOCK_3,0.819347
1,F6_GI_4-MOCK_3,0.843892
1,F6_HG_1-MOCK_3,0.89296
1,F6_HG_2-MOCK_3,0.811948
1,F6_HG_3-MOCK_3,0.835289
1,F6_PC-MOCK_3,0.829712
1,F7_GI_2-MOCK_3,0.76554
1,F7_GI_3-MOCK_3,0.775904
1,F7_GI_4-MOCK_3,0.788757
1,F7_HG_1-MOCK_3,0.904819
1,F7_HG_2-MOCK_3,0.917827
1,F7_HG_3-MOCK_3,0.92597
1,F7_STOM-MOCK_3,0.823066
1,F8_GI_1-MOCK_3,0.726813
1,F8_GI_2-MOCK_3,0.628956
1,F8_GI_3-MOCK_3,0.728281
1,F8_GI_4-MOCK_3,0.782955
1,F8_HG_1-MOCK_3,0.833793
1,F8_HG_2-MOCK_3,0.824943
1,F8_HG_3-MOCK_3,0.840204
1,F8_STOM-MOCK_3,0.786688
1,MOCK1_1-MOCK_3,0.02098
1,MOCK1_3-MOCK_3,0.025189
1,MOCK2_1-MOCK_3,0.027762
1,MOCK2_2-MOCK_3,0.059416
1,MOCK_1-MOCK_3,0.050579
1,MOCK_2-MOCK_3,0.014055
1,BLANK2_1_A-NTC3_2,0.762064
1,F1_GI-NTC3_2,0.900423
1,F1_HG-NTC3_2,0.855019
1,F1_PC-NTC3_2,0.77401
1,F1_STOM-NTC3_2,0.849145
1,F2_GI-NTC3_2,0.88138
1,F2_HG-NTC3_2,0.845929
1,F2_PC-NTC3_2,0.786987
1,F3_GI-NTC3_2,0.941835
1,F3_HG-NTC3_2,0.853959
1,F3_PC-NTC3_2,0.83757
1,F3_STOM-NTC3_2,0.85545
1,F4_GI_1-NTC3_2,0.862139
1,F4_GI_2-NTC3_2,0.856358
1,F4_GI_3-NTC3_2,0.839473
1,F4_GI_4-NTC3_2,0.815548
1,F4_HG_1-NTC3_2,0.812938
1,F4_HG_2-NTC3_2,0.8114
1,F4_HG_3-NTC3_2,0.831118
1,F4_PC-NTC3_2,0.872071
1,F4_STOM-NTC3_2,0.894258
1,F5_GI_1-NTC3_2,0.774777
1,F5_GI_2-NTC3_2,0.819483
1,F5_GI_3-NTC3_2,0.867645
1,F5_GI_4-NTC3_2,0.811763
1,F5_HG_1-NTC3_2,0.800742
1,F5_HG_2-NTC3_2,0.803926
1,F5_HG_3-NTC3_2,0.796357
1,F5_PC-NTC3_2,0.771847
1,F5_STOM-NTC3_2,0.816972
1,F6_GI_1-NTC3_2,0.791603
1,F6_GI_3-NTC3_2,0.836729
1,F6_GI_4-NTC3_2,0.854654
1,F6_HG_1-NTC3_2,0.872053
1,F6_HG_2-NTC3_2,0.814981
1,F6_HG_3-NTC3_2,0.822392
1,F6_PC-NTC3_2,0.815111
1,F7_GI_2-NTC3_2,0.851445
1,F7_GI_3-NTC3_2,0.80197
1,F7_GI_4-NTC3_2,0.80735
1,F7_HG_1-NTC3_2,0.891473
1,F7_HG_2-NTC3_2,0.897977
1,F7_HG_3-NTC3_2,0.903166
1,F7_STOM-NTC3_2,0.878097
1,F8_GI_1-NTC3_2,0.818516
1,F8_GI_2-NTC3_2,0.739963
1,F8_GI_3-NTC3_2,0.791959
1,F8_GI_4-NTC3_2,0.791264
1,F8_HG_1-NTC3_2,0.833379
1,F8_HG_2-NTC3_2,0.82961
1,F8_HG_3-NTC3_2,0.836205
1,F8_STOM-NTC3_2,0.827718
1,MOCK1_1-NTC3_2,0.616794
1,MOCK1_3-NTC3_2,0.617206
1,MOCK2_1-NTC3_2,0.615727
1,MOCK2_2-NTC3_2,0.615242
1,MOCK_1-NTC3_2,0.617697
1,MOCK_2-NTC3_2,0.616858
1,MOCK_3-NTC3_2,0.616998
1,BLANK2_1_A-R1_13,0.793376
1,F1_GI-R1_13,0.851761
1,F1_HG-R1_13,0.828985
1,F1_PC-R1_13,0.825311
1,F1_STOM-R1_13,0.829137
1,F2_GI-R1_13,0.839719
1,F2_HG-R1_13,0.813275
1,F2_PC-R1_13,0.821172
1,F3_GI-R1_13,0.751362
1,F3_HG-R1_13,0.714255
1,F3_PC-R1_13,0.702098
1,F3_STOM-R1_13,0.810567
1,F4_GI_1-R1_13,0.832794
1,F4_GI_2-R1_13,0.826966
1,F4_GI_3-R1_13,0.821896
1,F4_GI_4-R1_13,0.810392
1,F4_HG_1-R1_13,0.761197
1,F4_HG_2-R1_13,0.763596
1,F4_HG_3-R1_13,0.770232
1,F4_PC-R1_13,0.807991
1,F4_STOM-R1_13,0.857025
1,F5_GI_1-R1_13,0.799828
1,F5_GI_2-R1_13,0.821555
1,F5_GI_3-R1_13,0.81291
1,F5_GI_4-R1_13,0.794577
1,F5_HG_1-R1_13,0.757011
1,F5_HG_2-R1_13,0.752862
1,F5_HG_3-R1_13,0.770472
1,F5_PC-R1_13,0.766508
1,F5_STOM-R1_13,0.798927
1,F6_GI_1-R1_13,0.670002
1,F6_GI_3-R1_13,0.761079
1,F6_GI_4-R1_13,0.754399
1,F6_HG_1-R1_13,0.763055
1,F6_HG_2-R1_13,0.748276
1,F6_HG_3-R1_13,0.740952
1,F6_PC-R1_13,0.732221
1,F7_GI_2-R1_13,0.836981
1,F7_GI_3-R1_13,0.830733
1,F7_GI_4-R1_13,0.818713
1,F7_HG_1-R1_13,0.82308
1,F7_HG_2-R1_13,0.832385
1,F7_HG_3-R1_13,0.839867
1,F7_STOM-R1_13,0.848239
1,F8_GI_1-R1_13,0.820921
1,F8_GI_2-R1_13,0.812076
1,F8_GI_3-R1_13,0.810696
1,F8_GI_4-R1_13,0.812287
1,F8_HG_1-R1_13,0.807699
1,F8_HG_2-R1_13,0.797543
1,F8_HG_3-R1_13,0.81061
1,F8_STOM-R1_13,0.739337
1,MOCK1_1-R1_13,0.781347
1,MOCK1_3-R1_13,0.78326
1,MOCK2_1-R1_13,0.781564
1,MOCK2_2-R1_13,0.78453
1,MOCK_1-R1_13,0.784374
1,MOCK_2-R1_13,0.782764
1,MOCK_3-R1_13,0.78211
1,NTC3_2-R1_13,0.852065
1,BLANK2_1_A-R1_22,0.875677
1,F1_GI-R1_22,0.738786
1,F1_HG-R1_22,0.902191
1,F1_PC-R1_22,0.877737
1,F1_STOM-R1_22,0.787891
1,F2_GI-R1_22,0.722113
1,F2_HG-R1_22,0.890281
1,F2_PC-R1_22,0.900775
1,F3_GI-R1_22,0.78066
1,F3_HG-R1_22,0.890443
1,F3_PC-R1_22,0.779722
1,F3_STOM-R1_22,0.786252
1,F4_GI_1-R1_22,0.798677
1,F4_GI_2-R1_22,0.853068
1,F4_GI_3-R1_22,0.839457
1,F4_GI_4-R1_22,0.851771
1,F4_HG_1-R1_22,0.85197
1,F4_HG_2-R1_22,0.836638
1,F4_HG_3-R1_22,0.848377
1,F4_PC-R1_22,0.78781
1,F4_STOM-R1_22,0.755123
1,F5_GI_1-R1_22,0.806323
1,F5_GI_2-R1_22,0.820619
1,F5_GI_3-R1_22,0.88323
1,F5_GI_4-R1_22,0.808974
1,F5_HG_1-R1_22,0.854461
1,F5_HG_2-R1_22,0.857133
1,F5_HG_3-R1_22,0.865648
1,F5_PC-R1_22,0.858657
1,F5_STOM-R1_22,0.789337
1,F6_GI_1-R1_22,0.873329
1,F6_GI_3-R1_22,0.945413
1,F6_GI_4-R1_22,0.929514
1,F6_HG_1-R1_22,0.936471
1,F6_HG_2-R1_22,0.850351
1,F6_HG_3-R1_22,0.877749
1,F6_PC-R1_22,0.87536
1,F7_GI_2-R1_22,0.760161
1,F7_GI_3-R1_22,0.873322
1,F7_GI_4-R1_22,0.883055
1,F7_HG_1-R1_22,0.941102
1,F7_HG_2-R1_22,0.94787
1,F7_HG_3-R1_22,0.952093
1,F7_STOM-R1_22,0.789848
1,F8_GI_1-R1_22,0.814593
1,F8_GI_2-R1_22,0.839702
1,F8_GI_3-R1_22,0.868679
1,F8_GI_4-R1_22,0.881684
1,F8_HG_1-R1_22,0.886458
1,F8_HG_2-R1_22,0.880923
1,F8_HG_3-R1_22,0.887791
1,F8_STOM-R1_22,0.820227
1,MOCK1_1-R1_22,0.887609
1,MOCK1_3-R1_22,0.874401
1,MOCK2_1-R1_22,0.883075
1,MOCK2_2-R1_22,0.864324
1,MOCK_1-R1_22,0.866846
1,MOCK_2-R1_22,0.873401
1,MOCK_3-R1_22,0.878165
1,NTC3_2-R1_22,0.809507
1,R1_13-R1_22,0.881422
1,BLANK2_1_A-R1_23,0.779744
1,F1_GI-R1_23,0.787548
1,F1_HG-R1_23,0.83081
1,F1_PC-R1_23,0.83251
1,F1_STOM-R1_23,0.782108
1,F2_GI-R1_23,0.786045
1,F2_HG-R1_23,0.804559
1,F2_PC-R1_23,0.877361
1,F3_GI-R1_23,0.713952
1,F3_HG-R1_23,0.736228
1,F3_PC-R1_23,0.639693
1,F3_STOM-R1_23,0.757018
1,F4_GI_1-R1_23,0.782227
1,F4_GI_2-R1_23,0.778443
1,F4_GI_3-R1_23,0.775303
1,F4_GI_4-R1_23,0.769136
1,F4_HG_1-R1_23,0.739982
1,F4_HG_2-R1_23,0.718017
1,F4_HG_3-R1_23,0.711165
1,F4_PC-R1_23,0.791579
1,F4_STOM-R1_23,0.810592
1,F5_GI_1-R1_23,0.751767
1,F5_GI_2-R1_23,0.76562
1,F5_GI_3-R1_23,0.796335
1,F5_GI_4-R1_23,0.740193
1,F5_HG_1-R1_23,0.748019
1,F5_HG_2-R1_23,0.745774
1,F5_HG_3-R1_23,0.771809
1,F5_PC-R1_23,0.753487
1,F5_STOM-R1_23,0.756919
1,F6_GI_1-R1_23,0.689803
1,F6_GI_3-R1_23,0.801095
1,F6_GI_4-R1_23,0.803153
1,F6_HG_1-R1_23,0.803277
1,F6_HG_2-R1_23,0.704049
1,F6_HG_3-R1_23,0.751671
1,F6_PC-R1_23,0.74246
1,F7_GI_2-R1_23,0.786178
1,F7_GI_3-R1_23,0.798913
1,F7_GI_4-R1_23,0.801519
1,F7_HG_1-R1_23,0.850436
1,F7_HG_2-R1_23,0.851119
1,F7_HG_3-R1_23,0.855674
1,F7_STOM-R1_23,0.803402
1,F8_GI_1-R1_23,0.767737
1,F8_GI_2-R1_23,0.76363
1,F8_GI_3-R1_23,0.813096
1,F8_GI_4-R1_23,0.818783
1,F8_HG_1-R1_23,0.813164
1,F8_HG_2-R1_23,0.802078
1,F8_HG_3-R1_23,0.803986
1,F8_STOM-R1_23,0.686414
1,MOCK1_1-R1_23,0.774737
1,MOCK1_3-R1_23,0.762158
1,MOCK2_1-R1_23,0.771537
1,MOCK2_2-R1_23,0.746902
1,MOCK_1-R1_23,0.757784
1,MOCK_2-R1_23,0.765856
1,MOCK_3-R1_23,0.77099
1,NTC3_2-R1_23,0.902815
1,R1_13-R1_23,0.350856
1,R1_22-R1_23,0.904075
1,BLANK2_1_A-R1_24,0.863991
1,F1_GI-R1_24,0.917871
1,F1_HG-R1_24,0.809157
1,F1_PC-R1_24,0.861316
1,F1_STOM-R1_24,0.896971
1,F2_GI-R1_24,0.913255
1,F2_HG-R1_24,0.809028
1,F2_PC-R1_24,0.851004
1,F3_GI-R1_24,0.854308
1,F3_HG-R1_24,0.784021
1,F3_PC-R1_24,0.82446
1,F3_STOM-R1_24,0.880262
1,F4_GI_1-R1_24,0.906096
1,F4_GI_2-R1_24,0.902623
1,F4_GI_3-R1_24,0.899742
1,F4_GI_4-R1_24,0.890463
1,F4_HG_1-R1_24,0.828285
1,F4_HG_2-R1_24,0.84123
1,F4_HG_3-R1_24,0.830686
1,F4_PC-R1_24,0.885362
1,F4_STOM-R1_24,0.919377
1,F5_GI_1-R1_24,0.875321
1,F5_GI_2-R1_24,0.895321
1,F5_GI_3-R1_24,0.889687
1,F5_GI_4-R1_24,0.872386
1,F5_HG_1-R1_24,0.836235
1,F5_HG_2-R1_24,0.830686
1,F5_HG_3-R1_24,0.834682
1,F5_PC-R1_24,0.847303
1,F5_STOM-R1_24,0.877738
1,F6_GI_1-R1_24,0.736222
1,F6_GI_3-R1_24,0.780747
1,F6_GI_4-R1_24,0.793445
1,F6_HG_1-R1_24,0.781764
1,F6_HG_2-R1_24,0.810715
1,F6_HG_3-R1_24,0.772175
1,F6_PC-R1_24,0.757566
1,F7_GI_2-R1_24,0.907893
1,F7_GI_3-R1_24,0.871731
1,F7_GI_4-R1_24,0.848834
1,F7_HG_1-R1_24,0.814714
1,F7_HG_2-R1_24,0.825272
1,F7_HG_3-R1_24,0.833315
1,F7_STOM-R1_24,0.91177
1,F8_GI_1-R1_24,0.89076
1,F8_GI_2-R1_24,0.881609
1,F8_GI_3-R1_24,0.884064
1,F8_GI_4-R1_24,0.850734
1,F8_HG_1-R1_24,0.816497
1,F8_HG_2-R1_24,0.817365
1,F8_HG_3-R1_24,0.814416
1,F8_STOM-R1_24,0.816634
1,MOCK1_1-R1_24,0.866489
1,MOCK1_3-R1_24,0.868581
1,MOCK2_1-R1_24,0.866886
1,MOCK2_2-R1_24,0.870374
1,MOCK_1-R1_24,0.869871
1,MOCK_2-R1_24,0.86815
1,MOCK_3-R1_24,0.867378
1,NTC3_2-R1_24,0.885126
1,R1_13-R1_24,0.713764
1,R1_22-R1_24,0.922425
1,R1_23-R1_24,0.685977
1,BLANK2_1_A-R1_25_A,0.714052
1,F1_GI-R1_25_A,0.773728
1,F1_HG-R1_25_A,0.766362
1,F1_PC-R1_25_A,0.73027
1,F1_STOM-R1_25_A,0.783443
1,F2_GI-R1_25_A,0.769095
1,F2_HG-R1_25_A,0.754671
1,F2_PC-R1_25_A,0.760223
1,F3_GI-R1_25_A,0.723161
1,F3_HG-R1_25_A,0.739135
1,F3_PC-R1_25_A,0.594726
1,F3_STOM-R1_25_A,0.736199
1,F4_GI_1-R1_25_A,0.766985
1,F4_GI_2-R1_25_A,0.753669
1,F4_GI_3-R1_25_A,0.74252
1,F4_GI_4-R1_25_A,0.708585
1,F4_HG_1-R1_25_A,0.673709
1,F4_HG_2-R1_25_A,0.676566
1,F4_HG_3-R1_25_A,0.69357
1,F4_PC-R1_25_A,0.740894
1,F4_STOM-R1_25_A,0.82856
1,F5_GI_1-R1_25_A,0.697402
1,F5_GI_2-R1_25_A,0.71051
1,F5_GI_3-R1_25_A,0.704808
1,F5_GI_4-R1_25_A,0.644187
1,F5_HG_1-R1_25_A,0.629661
1,F5_HG_2-R1_25_A,0.632326
1,F5_HG_3-R1_25_A,0.654939
1,F5_PC-R1_25_A,0.698677
1,F5_STOM-R1_25_A,0.680761
1,F6_GI_1-R1_25_A,0.670454
1,F6_GI_3-R1_25_A,0.726958
1,F6_GI_4-R1_25_A,0.714862
1,F6_HG_1-R1_25_A,0.776449
1,F6_HG_2-R1_25_A,0.721731
1,F6_HG_3-R1_25_A,0.742182
1,F6_PC-R1_25_A,0.731601
1,F7_GI_2-R1_25_A,0.768514
1,F7_GI_3-R1_25_A,0.697335
1,F7_GI_4-R1_25_A,0.693493
1,F7_HG_1-R1_25_A,0.812055
1,F7_HG_2-R1_25_A,0.822422
1,F7_HG_3-R1_25_A,0.831007
1,F7_STOM-R1_25_A,0.824889
1,F8_GI_1-R1_25_A,0.733722
1,F8_GI_2-R1_25_A,0.705038
1,F8_GI_3-R1_25_A,0.701619
1,F8_GI_4-R1_25_A,0.701891
1,F8_HG_1-R1_25_A,0.741838
1,F8_HG_2-R1_25_A,0.730459
1,F8_HG_3-R1_25_A,0.746424
1,F8_STOM-R1_25_A,0.673943
1,MOCK1_1-R1_25_A,0.824951
1,MOCK1_3-R1_25_A,0.827069
1,MOCK2_1-R1_25_A,0.825337
1,MOCK2_2-R1_25_A,0.828571
1,MOCK_1-R1_25_A,0.828301
1,MOCK_2-R1_25_A,0.82662
1,MOCK_3-R1_25_A,0.82589
1,NTC3_2-R1_25_A,0.867062
1,R1_13-R1_25_A,0.362043
1,R1_22-R1_25_A,0.921617
1,R1_23-R1_25_A,0.50717
1,R1_24-R1_25_A,0.811789
1,BLANK2_1_A-R1_26,0.648333
1,F1_GI-R1_26,0.588994
1,F1_HG-R1_26,0.778764
1,F1_PC-R1_26,0.799352
1,F1_STOM-R1_26,0.684679
1,F2_GI-R1_26,0.612941
1,F2_HG-R1_26,0.763079
1,F2_PC-R1_26,0.84732
1,F3_GI-R1_26,0.62243
1,F3_HG-R1_26,0.777936
1,F3_PC-R1_26,0.471374
1,F3_STOM-R1_26,0.607763
1,F4_GI_1-R1_26,0.646707
1,F4_GI_2-R1_26,0.69346
1,F4_GI_3-R1_26,0.670005
1,F4_GI_4-R1_26,0.709657
1,F4_HG_1-R1_26,0.644065
1,F4_HG_2-R1_26,0.612067
1,F4_HG_3-R1_26,0.628668
1,F4_PC-R1_26,0.657679
1,F4_STOM-R1_26,0.73837
1,F5_GI_1-R1_26,0.629804
1,F5_GI_2-R1_26,0.588984
1,F5_GI_3-R1_26,0.677541
1,F5_GI_4-R1_26,0.546793
1,F5_HG_1-R1_26,0.645465
1,F5_HG_2-R1_26,0.641966
1,F5_HG_3-R1_26,0.689386
1,F5_PC-R1_26,0.643322
1,F5_STOM-R1_26,0.633156
1,F6_GI_1-R1_26,0.71192
1,F6_GI_3-R1_26,0.797903
1,F6_GI_4-R1_26,0.772325
1,F6_HG_1-R1_26,0.825128
1,F6_HG_2-R1_26,0.754114
1,F6_HG_3-R1_26,0.779783
1,F6_PC-R1_26,0.778356
1,F7_GI_2-R1_26,0.654939
1,F7_GI_3-R1_26,0.794605
1,F7_GI_4-R1_26,0.779124
1,F7_HG_1-R1_26,0.814133
1,F7_HG_2-R1_26,0.829573
1,F7_HG_3-R1_26,0.840607
1,F7_STOM-R1_26,0.730133
1,F8_GI_1-R1_26,0.605928
1,F8_GI_2-R1_26,0.645545
1,F8_GI_3-R1_26,0.757958
1,F8_GI_4-R1_26,0.774094
1,F8_HG_1-R1_26,0.746492
1,F8_HG_2-R1_26,0.731834
1,F8_HG_3-R1_26,0.748332
1,F8_STOM-R1_26,0.535433
1,MOCK1_1-R1_26,0.817536
1,MOCK1_3-R1_26,0.806145
1,MOCK2_1-R1_26,0.814616
1,MOCK2_2-R1_26,0.786739
1,MOCK_1-R1_26,0.798678
1,MOCK_2-R1_26,0.809215
1,MOCK_3-R1_26,0.813709
1,NTC3_2-R1_26,0.886086
1,R1_13-R1_26,0.499866
1,R1_22-R1_26,0.875566
1,R1_23-R1_26,0.460337
1,R1_24-R1_26,0.762067
1,R1_25_A-R1_26,0.510185
1,BLANK2_1_A-R1_33,0.640604
1,F1_GI-R1_33,0.791129
1,F1_HG-R1_33,0.379359
1,F1_PC-R1_33,0.754795
1,F1_STOM-R1_33,0.782257
1,F2_GI-R1_33,0.78145
1,F2_HG-R1_33,0.382798
1,F2_PC-R1_33,0.768433
1,F3_GI-R1_33,0.850894
1,F3_HG-R1_33,0.651632
1,F3_PC-R1_33,0.691734
1,F3_STOM-R1_33,0.769728
1,F4_GI_1-R1_33,0.786896
1,F4_GI_2-R1_33,0.767875
1,F4_GI_3-R1_33,0.767131
1,F4_GI_4-R1_33,0.734565
1,F4_HG_1-R1_33,0.40041
1,F4_HG_2-R1_33,0.446363
1,F4_HG_3-R1_33,0.376025
1,F4_PC-R1_33,0.703908
1,F4_STOM-R1_33,0.83614
1,F5_GI_1-R1_33,0.705485
1,F5_GI_2-R1_33,0.726755
1,F5_GI_3-R1_33,0.69928
1,F5_GI_4-R1_33,0.565052
1,F5_HG_1-R1_33,0.401107
1,F5_HG_2-R1_33,0.377059
1,F5_HG_3-R1_33,0.408748
1,F5_PC-R1_33,0.513279
1,F5_STOM-R1_33,0.614743
1,F6_GI_1-R1_33,0.647586
1,F6_GI_3-R1_33,0.772753
1,F6_GI_4-R1_33,0.576671
1,F6_HG_1-R1_33,0.587414
1,F6_HG_2-R1_33,0.589657
1,F6_HG_3-R1_33,0.60064
1,F6_PC-R1_33,0.591173
1,F7_GI_2-R1_33,0.787456
1,F7_GI_3-R1_33,0.666378
1,F7_GI_4-R1_33,0.604707
1,F7_HG_1-R1_33,0.401324
1,F7_HG_2-R1_33,0.406868
1,F7_HG_3-R1_33,0.425456
1,F7_STOM-R1_33,0.825924
1,F8_GI_1-R1_33,0.748107
1,F8_GI_2-R1_33,0.720156
1,F8_GI_3-R1_33,0.723481
1,F8_GI_4-R1_33,0.589773
1,F8_HG_1-R1_33,0.415334
1,F8_HG_2-R1_33,0.403126
1,F8_HG_3-R1_33,0.407182
1,F8_STOM-R1_33,0.691227
1,MOCK1_1-R1_33,0.848388
1,MOCK1_3-R1_33,0.847466
1,MOCK2_1-R1_33,0.847901
1,MOCK2_2-R1_33,0.847324
1,MOCK_1-R1_33,0.847614
1,MOCK_2-R1_33,0.847323
1,MOCK_3-R1_33,0.847758
1,NTC3_2-R1_33,0.875127
1,R1_13-R1_33,0.77057
1,R1_22-R1_33,0.912811
1,R1_23-R1_33,0.755828
1,R1_24-R1_33,0.784016
1,R1_25_A-R1_33,0.718933
1,R1_26-R1_33,0.69195
1,BLANK2_1_A-R1_34_A,0.780455
1,F1_GI-R1_34_A,0.904349
1,F1_HG-R1_34_A,0.399084
1,F1_PC-R1_34_A,0.841487
1,F1_STOM-R1_34_A,0.865387
1,F2_GI-R1_34_A,0.895125
1,F2_HG-R1_34_A,0.405858
1,F2_PC-R1_34_A,0.846904
1,F3_GI-R1_34_A,0.943701
1,F3_HG-R1_34_A,0.735217
1,F3_PC-R1_34_A,0.82307
1,F3_STOM-R1_34_A,0.878456
1,F4_GI_1-R1_34_A,0.883684
1,F4_GI_2-R1_34_A,0.873356
1,F4_GI_3-R1_34_A,0.862671
1,F4_GI_4-R1_34_A,0.843651
1,F4_HG_1-R1_34_A,0.509698
1,F4_HG_2-R1_34_A,0.560563
1,F4_HG_3-R1_34_A,0.477746
1,F4_PC-R1_34_A,0.824917
1,F4_STOM-R1_34_A,0.905033
1,F5_GI_1-R1_34_A,0.830172
1,F5_GI_2-R1_34_A,0.852867
1,F5_GI_3-R1_34_A,0.848921
1,F5_GI_4-R1_34_A,0.724486
1,F5_HG_1-R1_34_A,0.551483
1,F5_HG_2-R1_34_A,0.526301
1,F5_HG_3-R1_34_A,0.549267
1,F5_PC-R1_34_A,0.65251
1,F5_STOM-R1_34_A,0.745042
1,F6_GI_1-R1_34_A,0.720889
1,F6_GI_3-R1_34_A,0.829574
1,F6_GI_4-R1_34_A,0.684105
1,F6_HG_1-R1_34_A,0.633225
1,F6_HG_2-R1_34_A,0.655246
1,F6_HG_3-R1_34_A,0.658681
1,F6_PC-R1_34_A,0.65546
1,F7_GI_2-R1_34_A,0.882182
1,F7_GI_3-R1_34_A,0.761968
1,F7_GI_4-R1_34_A,0.698529
1,F7_HG_1-R1_34_A,0.445644
1,F7_HG_2-R1_34_A,0.453703
1,F7_HG_3-R1_34_A,0.469744
1,F7_STOM-R1_34_A,0.88744
1,F8_GI_1-R1_34_A,0.869664
1,F8_GI_2-R1_34_A,0.852573
1,F8_GI_3-R1_34_A,0.846618
1,F8_GI_4-R1_34_A,0.677797
1,F8_HG_1-R1_34_A,0.46311
1,F8_HG_2-R1_34_A,0.465494
1,F8_HG_3-R1_34_A,0.459372
1,F8_STOM-R1_34_A,0.806093
1,MOCK1_1-R1_34_A,0.921875
1,MOCK1_3-R1_34_A,0.920741
1,MOCK2_1-R1_34_A,0.92149
1,MOCK2_2-R1_34_A,0.92041
1,MOCK_1-R1_34_A,0.920525
1,MOCK_2-R1_34_A,0.920823
1,MOCK_3-R1_34_A,0.921241
1,NTC3_2-R1_34_A,0.907457
1,R1_13-R1_34_A,0.824161
1,R1_22-R1_34_A,0.939336
1,R1_23-R1_34_A,0.783219
1,R1_24-R1_34_A,0.783431
1,R1_25_A-R1_34_A,0.849379
1,R1_26-R1_34_A,0.804625
1,R1_33-R1_34_A,0.327977
1,BLANK2_1_A-R1_35_A,0.683909
1,F1_GI-R1_35_A,0.341289
1,F1_HG-R1_35_A,0.876337
1,F1_PC-R1_35_A,0.787669
1,F1_STOM-R1_35_A,0.63707
1,F2_GI-R1_35_A,0.354153
1,F2_HG-R1_35_A,0.856765
1,F2_PC-R1_35_A,0.819946
1,F3_GI-R1_35_A,0.547779
1,F3_HG-R1_35_A,0.791197
1,F3_PC-R1_35_A,0.5009
1,F3_STOM-R1_35_A,0.608987
1,F4_GI_1-R1_35_A,0.501002
1,F4_GI_2-R1_35_A,0.678791
1,F4_GI_3-R1_35_A,0.622631
1,F4_GI_4-R1_35_A,0.660142
1,F4_HG_1-R1_35_A,0.689127
1,F4_HG_2-R1_35_A,0.624508
1,F4_HG_3-R1_35_A,0.685122
1,F4_PC-R1_35_A,0.42099
1,F4_STOM-R1_35_A,0.547995
1,F5_GI_1-R1_35_A,0.655148
1,F5_GI_2-R1_35_A,0.559045
1,F5_GI_3-R1_35_A,0.659263
1,F5_GI_4-R1_35_A,0.564559
1,F5_HG_1-R1_35_A,0.727712
1,F5_HG_2-R1_35_A,0.740854
1,F5_HG_3-R1_35_A,0.769589
1,F5_PC-R1_35_A,0.665616
1,F5_STOM-R1_35_A,0.625709
1,F6_GI_1-R1_35_A,0.81642
1,F6_GI_3-R1_35_A,0.809555
1,F6_GI_4-R1_35_A,0.816126
1,F6_HG_1-R1_35_A,0.871013
1,F6_HG_2-R1_35_A,0.803641
1,F6_HG_3-R1_35_A,0.851084
1,F6_PC-R1_35_A,0.847921
1,F7_GI_2-R1_35_A,0.398728
1,F7_GI_3-R1_35_A,0.704491
1,F7_GI_4-R1_35_A,0.731698
1,F7_HG_1-R1_35_A,0.818898
1,F7_HG_2-R1_35_A,0.861678
1,F7_HG_3-R1_35_A,0.890321
1,F7_STOM-R1_35_A,0.634336
1,F8_GI_1-R1_35_A,0.528884
1,F8_GI_2-R1_35_A,0.626786
1,F8_GI_3-R1_35_A,0.735006
1,F8_GI_4-R1_35_A,0.766959
1,F8_HG_1-R1_35_A,0.838242
1,F8_HG_2-R1_35_A,0.816067
1,F8_HG_3-R1_35_A,0.846474
1,F8_STOM-R1_35_A,0.634864
1,MOCK1_1-R1_35_A,0.773451
1,MOCK1_3-R1_35_A,0.760443
1,MOCK2_1-R1_35_A,0.770202
1,MOCK2_2-R1_35_A,0.736989
1,MOCK_1-R1_35_A,0.75217
1,MOCK_2-R1_35_A,0.764419
1,MOCK_3-R1_35_A,0.769646
1,NTC3_2-R1_35_A,0.882426
1,R1_13-R1_35_A,0.773517
1,R1_22-R1_35_A,0.735258
1,R1_23-R1_35_A,0.701419
1,R1_24-R1_35_A,0.886752
1,R1_25_A-R1_35_A,0.778826
1,R1_26-R1_35_A,0.613863
1,R1_33-R1_35_A,0.786346
1,R1_34_A-R1_35_A,0.878682
1,BLANK2_1_A-R1_36,0.723708
1,F1_GI-R1_36,0.299259
1,F1_HG-R1_36,0.907973
1,F1_PC-R1_36,0.822012
1,F1_STOM-R1_36,0.486661
1,F2_GI-R1_36,0.201372
1,F2_HG-R1_36,0.89374
1,F2_PC-R1_36,0.839733
1,F3_GI-R1_36,0.585229
1,F3_HG-R1_36,0.832293
1,F3_PC-R1_36,0.517427
1,F3_STOM-R1_36,0.459553
1,F4_GI_1-R1_36,0.477519
1,F4_GI_2-R1_36,0.719368
1,F4_GI_3-R1_36,0.691503
1,F4_GI_4-R1_36,0.738023
1,F4_HG_1-R1_36,0.765738
1,F4_HG_2-R1_36,0.713632
1,F4_HG_3-R1_36,0.745167
1,F4_PC-R1_36,0.450056
1,F4_STOM-R1_36,0.399886
1,F5_GI_1-R1_36,0.577345
1,F5_GI_2-R1_36,0.641809
1,F5_GI_3-R1_36,0.724425
1,F5_GI_4-R1_36,0.640536
1,F5_HG_1-R1_36,0.77738
1,F5_HG_2-R1_36,0.785934
1,F5_HG_3-R1_36,0.815359
1,F5_PC-R1_36,0.712005
1,F5_STOM-R1_36,0.525414
1,F6_GI_1-R1_36,0.850075
1,F6_GI_3-R1_36,0.880179
1,F6_GI_4-R1_36,0.864533
1,F6_HG_1-R1_36,0.907165
1,F6_HG_2-R1_36,0.846281
1,F6_HG_3-R1_36,0.887257
1,F6_PC-R1_36,0.881779
1,F7_GI_2-R1_36,0.412043
1,F7_GI_3-R1_36,0.830615
1,F7_GI_4-R1_36,0.852173
1,F7_HG_1-R1_36,0.903787
1,F7_HG_2-R1_36,0.918471
1,F7_HG_3-R1_36,0.927591
1,F7_STOM-R1_36,0.473456
1,F8_GI_1-R1_36,0.58507
1,F8_GI_2-R1_36,0.6747
1,F8_GI_3-R1_36,0.792772
1,F8_GI_4-R1_36,0.861977
1,F8_HG_1-R1_36,0.877443
1,F8_HG_2-R1_36,0.862291
1,F8_HG_3-R1_36,0.884336
1,F8_STOM-R1_36,0.627215
1,MOCK1_1-R1_36,0.809047
1,MOCK1_3-R1_36,0.797297
1,MOCK2_1-R1_36,0.805992
1,MOCK2_2-R1_36,0.777253
1,MOCK_1-R1_36,0.789614
1,MOCK_2-R1_36,0.800436
1,MOCK_3-R1_36,0.80507
1,NTC3_2-R1_36,0.879023
1,R1_13-R1_36,0.845428
1,R1_22-R1_36,0.720537
1,R1_23-R1_36,0.790815
1,R1_24-R1_36,0.914761
1,R1_25_A-R1_36,0.804728
1,R1_26-R1_36,0.662051
1,R1_33-R1_36,0.814679
1,R1_34_A-R1_36,0.899
1,R1_35_A-R1_36,0.388248
1,BLANK2_1_A-R1_39,0.578517
1,F1_GI-R1_39,0.485028
1,F1_HG-R1_39,0.506014
1,F1_PC-R1_39,0.788207
1,F1_STOM-R1_39,0.640037
1,F2_GI-R1_39,0.462702
1,F2_HG-R1_39,0.470039
1,F2_PC-R1_39,0.814231
1,F3_GI-R1_39,0.699752
1,F3_HG-R1_39,0.694779
1,F3_PC-R1_39,0.463841
1,F3_STOM-R1_39,0.603924
1,F4_GI_1-R1_39,0.582901
1,F4_GI_2-R1_39,0.690196
1,F4_GI_3-R1_39,0.652516
1,F4_GI_4-R1_39,0.683817
1,F4_HG_1-R1_39,0.407524
1,F4_HG_2-R1_39,0.397226
1,F4_HG_3-R1_39,0.382986
1,F4_PC-R1_39,0.496053
1,F4_STOM-R1_39,0.692071
1,F5_GI_1-R1_39,0.60185
1,F5_GI_2-R1_39,0.563329
1,F5_GI_3-R1_39,0.637451
1,F5_GI_4-R1_39,0.438289
1,F5_HG_1-R1_39,0.442411
1,F5_HG_2-R1_39,0.428061
1,F5_HG_3-R1_39,0.490597
1,F5_PC-R1_39,0.479018
1,F5_STOM-R1_39,0.507928
1,F6_GI_1-R1_39,0.693136
1,F6_GI_3-R1_39,0.806345
1,F6_GI_4-R1_39,0.638594
1,F6_HG_1-R1_39,0.661916
1,F6_HG_2-R1_39,0.651302
1,F6_HG_3-R1_39,0.657574
1,F6_PC-R1_39,0.650627
1,F7_GI_2-R1_39,0.566048
1,F7_GI_3-R1_39,0.732883
1,F7_GI_4-R1_39,0.666688
1,F7_HG_1-R1_39,0.501989
1,F7_HG_2-R1_39,0.519836
1,F7_HG_3-R1_39,0.541048
1,F7_STOM-R1_39,0.678378
1,F8_GI_1-R1_39,0.550467
1,F8_GI_2-R1_39,0.628224
1,F8_GI_3-R1_39,0.736296
1,F8_GI_4-R1_39,0.641158
1,F8_HG_1-R1_39,0.493453
1,F8_HG_2-R1_39,0.47654
1,F8_HG_3-R1_39,0.492716
1,F8_STOM-R1_39,0.566731
1,MOCK1_1-R1_39,0.834212
1,MOCK1_3-R1_39,0.822471
1,MOCK2_1-R1_39,0.831283
1,MOCK2_2-R1_39,0.80261
1,MOCK_1-R1_39,0.814857
1,MOCK_2-R1_39,0.825689
1,MOCK_3-R1_39,0.83031
1,NTC3_2-R1_39,0.896309
1,R1_13-R1_39,0.773483
1,R1_22-R1_39,0.841906
1,R1_23-R1_39,0.735289
1,R1_24-R1_39,0.819927
1,R1_25_A-R1_39,0.73599
1,R1_26-R1_39,0.53163
1,R1_33-R1_39,0.375356
1,R1_34_A-R1_39,0.492594
1,R1_35_A-R1_39,0.511082
1,R1_36-R1_39,0.513807
1,BLANK2_1_A-R1_6_3,0.643356
1,F1_GI-R1_6_3,0.762762
1,F1_HG-R1_6_3,0.632667
1,F1_PC-R1_6_3,0.726284
1,F1_STOM-R1_6_3,0.76682
1,F2_GI-R1_6_3,0.755488
1,F2_HG-R1_6_3,0.621445
1,F2_PC-R1_6_3,0.752812
1,F3_GI-R1_6_3,0.817666
1,F3_HG-R1_6_3,0.467328
1,F3_PC-R1_6_3,0.627033
1,F3_STOM-R1_6_3,0.750711
1,F4_GI_1-R1_6_3,0.768117
1,F4_GI_2-R1_6_3,0.760129
1,F4_GI_3-R1_6_3,0.749963
1,F4_GI_4-R1_6_3,0.716935
1,F4_HG_1-R1_6_3,0.576035
1,F4_HG_2-R1_6_3,0.591005
1,F4_HG_3-R1_6_3,0.574893
1,F4_PC-R1_6_3,0.696143
1,F4_STOM-R1_6_3,0.813331
1,F5_GI_1-R1_6_3,0.692123
1,F5_GI_2-R1_6_3,0.710236
1,F5_GI_3-R1_6_3,0.703162
1,F5_GI_4-R1_6_3,0.597735
1,F5_HG_1-R1_6_3,0.534909
1,F5_HG_2-R1_6_3,0.533655
1,F5_HG_3-R1_6_3,0.564973
1,F5_PC-R1_6_3,0.625802
1,F5_STOM-R1_6_3,0.645202
1,F6_GI_1-R1_6_3,0.513351
1,F6_GI_3-R1_6_3,0.710577
1,F6_GI_4-R1_6_3,0.546019
1,F6_HG_1-R1_6_3,0.519476
1,F6_HG_2-R1_6_3,0.524037
1,F6_HG_3-R1_6_3,0.481424
1,F6_PC-R1_6_3,0.42127
1,F7_GI_2-R1_6_3,0.758275
1,F7_GI_3-R1_6_3,0.685023
1,F7_GI_4-R1_6_3,0.652393
1,F7_HG_1-R1_6_3,0.676095
1,F7_HG_2-R1_6_3,0.684304
1,F7_HG_3-R1_6_3,0.695
1,F7_STOM-R1_6_3,0.809756
1,F8_GI_1-R1_6_3,0.724981
1,F8_GI_2-R1_6_3,0.687381
1,F8_GI_3-R1_6_3,0.708907
1,F8_GI_4-R1_6_3,0.671939
1,F8_HG_1-R1_6_3,0.632381
1,F8_HG_2-R1_6_3,0.624727
1,F8_HG_3-R1_6_3,0.622967
1,F8_STOM-R1_6_3,0.68881
1,MOCK1_1-R1_6_3,0.803364
1,MOCK1_3-R1_6_3,0.802906
1,MOCK2_1-R1_6_3,0.803467
1,MOCK2_2-R1_6_3,0.80236
1,MOCK_1-R1_6_3,0.803121
1,MOCK_2-R1_6_3,0.804486
1,MOCK_3-R1_6_3,0.804872
1,NTC3_2-R1_6_3,0.871976
1,R1_13-R1_6_3,0.680892
1,R1_22-R1_6_3,0.911417
1,R1_23-R1_6_3,0.686255
1,R1_24-R1_6_3,0.703836
1,R1_25_A-R1_6_3,0.5815
1,R1_26-R1_6_3,0.684355
1,R1_33-R1_6_3,0.568496
1,R1_34_A-R1_6_3,0.695038
1,R1_35_A-R1_6_3,0.737613
1,R1_36-R1_6_3,0.78929
1,R1_39-R1_6_3,0.596934
1,BLANK2_1_A-R2_14,0.855896
1,F1_GI-R2_14,0.849373
1,F1_HG-R2_14,0.861136
1,F1_PC-R2_14,0.814685
1,F1_STOM-R2_14,0.845725
1,F2_GI-R2_14,0.842479
1,F2_HG-R2_14,0.837841
1,F2_PC-R2_14,0.860056
1,F3_GI-R2_14,0.901105
1,F3_HG-R2_14,0.854652
1,F3_PC-R2_14,0.809975
1,F3_STOM-R2_14,0.849559
1,F4_GI_1-R2_14,0.833312
1,F4_GI_2-R2_14,0.840578
1,F4_GI_3-R2_14,0.845042
1,F4_GI_4-R2_14,0.831014
1,F4_HG_1-R2_14,0.837921
1,F4_HG_2-R2_14,0.834328
1,F4_HG_3-R2_14,0.834667
1,F4_PC-R2_14,0.8767
1,F4_STOM-R2_14,0.878857
1,F5_GI_1-R2_14,0.822686
1,F5_GI_2-R2_14,0.813741
1,F5_GI_3-R2_14,0.845093
1,F5_GI_4-R2_14,0.794012
1,F5_HG_1-R2_14,0.805956
1,F5_HG_2-R2_14,0.807802
1,F5_HG_3-R2_14,0.805254
1,F5_PC-R2_14,0.86463
1,F5_STOM-R2_14,0.81503
1,F6_GI_1-R2_14,0.829919
1,F6_GI_3-R2_14,0.870977
1,F6_GI_4-R2_14,0.856327
1,F6_HG_1-R2_14,0.877752
1,F6_HG_2-R2_14,0.803392
1,F6_HG_3-R2_14,0.842475
1,F6_PC-R2_14,0.831882
1,F7_GI_2-R2_14,0.833395
1,F7_GI_3-R2_14,0.76857
1,F7_GI_4-R2_14,0.789804
1,F7_HG_1-R2_14,0.891889
1,F7_HG_2-R2_14,0.903491
1,F7_HG_3-R2_14,0.911639
1,F7_STOM-R2_14,0.866767
1,F8_GI_1-R2_14,0.821176
1,F8_GI_2-R2_14,0.809767
1,F8_GI_3-R2_14,0.823571
1,F8_GI_4-R2_14,0.82439
1,F8_HG_1-R2_14,0.843229
1,F8_HG_2-R2_14,0.839376
1,F8_HG_3-R2_14,0.825619
1,F8_STOM-R2_14,0.832558
1,MOCK1_1-R2_14,0.913707
1,MOCK1_3-R2_14,0.912386
1,MOCK2_1-R2_14,0.913213
1,MOCK2_2-R2_14,0.910129
1,MOCK_1-R2_14,0.911283
1,MOCK_2-R2_14,0.912462
1,MOCK_3-R2_14,0.912951
1,NTC3_2-R2_14,0.929092
1,R1_13-R2_14,0.895614
1,R1_22-R2_14,0.934905
1,R1_23-R2_14,0.900817
1,R1_24-R2_14,0.907515
1,R1_25_A-R2_14,0.86998
1,R1_26-R2_14,0.884858
1,R1_33-R2_14,0.833291
1,R1_34_A-R2_14,0.862186
1,R1_35_A-R2_14,0.847908
1,R1_36-R2_14,0.867412
1,R1_39-R2_14,0.882829
1,R1_6_3-R2_14,0.873777
1,BLANK2_1_A-R2_17,0.829329
1,F1_GI-R2_17,0.884703
1,F1_HG-R2_17,0.858434
1,F1_PC-R2_17,0.808738
1,F1_STOM-R2_17,0.853384
1,F2_GI-R2_17,0.87473
1,F2_HG-R2_17,0.854382
1,F2_PC-R2_17,0.808005
1,F3_GI-R2_17,0.882584
1,F3_HG-R2_17,0.81775
1,F3_PC-R2_17,0.838797
1,F3_STOM-R2_17,0.877225
1,F4_GI_1-R2_17,0.867166
1,F4_GI_2-R2_17,0.874484
1,F4_GI_3-R2_17,0.871819
1,F4_GI_4-R2_17,0.854689
1,F4_HG_1-R2_17,0.852835
1,F4_HG_2-R2_17,0.849475
1,F4_HG_3-R2_17,0.850022
1,F4_PC-R2_17,0.861189
1,F4_STOM-R2_17,0.895704
1,F5_GI_1-R2_17,0.851561
1,F5_GI_2-R2_17,0.843991
1,F5_GI_3-R2_17,0.834624
1,F5_GI_4-R2_17,0.826482
1,F5_HG_1-R2_17,0.829265
1,F5_HG_2-R2_17,0.831082
1,F5_HG_3-R2_17,0.828196
1,F5_PC-R2_17,0.849359
1,F5_STOM-R2_17,0.825282
1,F6_GI_1-R2_17,0.837016
1,F6_GI_3-R2_17,0.824341
1,F6_GI_4-R2_17,0.81365
1,F6_HG_1-R2_17,0.83282
1,F6_HG_2-R2_17,0.820581
1,F6_HG_3-R2_17,0.841268
1,F6_PC-R2_17,0.831039
1,F7_GI_2-R2_17,0.856759
1,F7_GI_3-R2_17,0.783009
1,F7_GI_4-R2_17,0.808057
1,F7_HG_1-R2_17,0.857754
1,F7_HG_2-R2_17,0.861464
1,F7_HG_3-R2_17,0.867833
1,F7_STOM-R2_17,0.887122
1,F8_GI_1-R2_17,0.847634
1,F8_GI_2-R2_17,0.839047
1,F8_GI_3-R2_17,0.832788
1,F8_GI_4-R2_17,0.820438
1,F8_HG_1-R2_17,0.857054
1,F8_HG_2-R2_17,0.856295
1,F8_HG_3-R2_17,0.844974
1,F8_STOM-R2_17,0.860372
1,MOCK1_1-R2_17,0.859131
1,MOCK1_3-R2_17,0.857958
1,MOCK2_1-R2_17,0.85859
1,MOCK2_2-R2_17,0.855541
1,MOCK_1-R2_17,0.856905
1,MOCK_2-R2_17,0.857953
1,MOCK_3-R2_17,0.858455
1,NTC3_2-R2_17,0.870134
1,R1_13-R2_17,0.883529
1,R1_22-R2_17,0.892071
1,R1_23-R2_17,0.845906
1,R1_24-R2_17,0.895874
1,R1_25_A-R2_17,0.84597
1,R1_26-R2_17,0.852681
1,R1_33-R2_17,0.819006
1,R1_34_A-R2_17,0.830826
1,R1_35_A-R2_17,0.855563
1,R1_36-R2_17,0.885429
1,R1_39-R2_17,0.864488
1,R1_6_3-R2_17,0.839222
1,R2_14-R2_17,0.217923
1,BLANK2_1_A-R2_18,0.750231
1,F1_GI-R2_18,0.787468
1,F1_HG-R2_18,0.859171
1,F1_PC-R2_18,0.743502
1,F1_STOM-R2_18,0.769289
1,F2_GI-R2_18,0.779411
1,F2_HG-R2_18,0.839179
1,F2_PC-R2_18,0.76103
1,F3_GI-R2_18,0.796398
1,F3_HG-R2_18,0.779222
1,F3_PC-R2_18,0.748951
1,F3_STOM-R2_18,0.78927
1,F4_GI_1-R2_18,0.787405
1,F4_GI_2-R2_18,0.798321
1,F4_GI_3-R2_18,0.800513
1,F4_GI_4-R2_18,0.785102
1,F4_HG_1-R2_18,0.785054
1,F4_HG_2-R2_18,0.781022
1,F4_HG_3-R2_18,0.783521
1,F4_PC-R2_18,0.783472
1,F4_STOM-R2_18,0.82533
1,F5_GI_1-R2_18,0.770164
1,F5_GI_2-R2_18,0.761411
1,F5_GI_3-R2_18,0.75163
1,F5_GI_4-R2_18,0.740107
1,F5_HG_1-R2_18,0.749181
1,F5_HG_2-R2_18,0.751784
1,F5_HG_3-R2_18,0.748475
1,F5_PC-R2_18,0.768401
1,F5_STOM-R2_18,0.736387
1,F6_GI_1-R2_18,0.789878
1,F6_GI_3-R2_18,0.784705
1,F6_GI_4-R2_18,0.756817
1,F6_HG_1-R2_18,0.836895
1,F6_HG_2-R2_18,0.786459
1,F6_HG_3-R2_18,0.825494
1,F6_PC-R2_18,0.818335
1,F7_GI_2-R2_18,0.779092
1,F7_GI_3-R2_18,0.722353
1,F7_GI_4-R2_18,0.761454
1,F7_HG_1-R2_18,0.853676
1,F7_HG_2-R2_18,0.864309
1,F7_HG_3-R2_18,0.87458
1,F7_STOM-R2_18,0.817147
1,F8_GI_1-R2_18,0.766199
1,F8_GI_2-R2_18,0.756532
1,F8_GI_3-R2_18,0.756447
1,F8_GI_4-R2_18,0.777269
1,F8_HG_1-R2_18,0.823156
1,F8_HG_2-R2_18,0.810656
1,F8_HG_3-R2_18,0.824617
1,F8_STOM-R2_18,0.776053
1,MOCK1_1-R2_18,0.808564
1,MOCK1_3-R2_18,0.807485
1,MOCK2_1-R2_18,0.807935
1,MOCK2_2-R2_18,0.804977
1,MOCK_1-R2_18,0.806453
1,MOCK_2-R2_18,0.807389
1,MOCK_3-R2_18,0.807861
1,NTC3_2-R2_18,0.861631
1,R1_13-R2_18,0.829296
1,R1_22-R2_18,0.864337
1,R1_23-R2_18,0.791303
1,R1_24-R2_18,0.883696
1,R1_25_A-R2_18,0.768084
1,R1_26-R2_18,0.764443
1,R1_33-R2_18,0.744317
1,R1_34_A-R2_18,0.826729
1,R1_35_A-R2_18,0.762094
1,R1_36-R2_18,0.809076
1,R1_39-R2_18,0.783854
1,R1_6_3-R2_18,0.75666
1,R2_14-R2_18,0.255809
1,R2_17-R2_18,0.222294
1,BLANK2_1_A-R2_25,0.851607
1,F1_GI-R2_25,0.926173
1,F1_HG-R2_25,0.832698
1,F1_PC-R2_25,0.870678
1,F1_STOM-R2_25,0.897096
1,F2_GI-R2_25,0.919244
1,F2_HG-R2_25,0.817955
1,F2_PC-R2_25,0.857293
1,F3_GI-R2_25,0.843286
1,F3_HG-R2_25,0.761468
1,F3_PC-R2_25,0.769909
1,F3_STOM-R2_25,0.8881
1,F4_GI_1-R2_25,0.896015
1,F4_GI_2-R2_25,0.881794
1,F4_GI_3-R2_25,0.879816
1,F4_GI_4-R2_25,0.862216
1,F4_HG_1-R2_25,0.820209
1,F4_HG_2-R2_25,0.818744
1,F4_HG_3-R2_25,0.819234
1,F4_PC-R2_25,0.868741
1,F4_STOM-R2_25,0.927508
1,F5_GI_1-R2_25,0.866598
1,F5_GI_2-R2_25,0.874313
1,F5_GI_3-R2_25,0.847024
1,F5_GI_4-R2_25,0.841127
1,F5_HG_1-R2_25,0.814928
1,F5_HG_2-R2_25,0.814275
1,F5_HG_3-R2_25,0.815578
1,F5_PC-R2_25,0.827344
1,F5_STOM-R2_25,0.858435
1,F6_GI_1-R2_25,0.731139
1,F6_GI_3-R2_25,0.79228
1,F6_GI_4-R2_25,0.788232
1,F6_HG_1-R2_25,0.776005
1,F6_HG_2-R2_25,0.766417
1,F6_HG_3-R2_25,0.77594
1,F6_PC-R2_25,0.772247
1,F7_GI_2-R2_25,0.902141
1,F7_GI_3-R2_25,0.811872
1,F7_GI_4-R2_25,0.812016
1,F7_HG_1-R2_25,0.825111
1,F7_HG_2-R2_25,0.822654
1,F7_HG_3-R2_25,0.825363
1,F7_STOM-R2_25,0.918958
1,F8_GI_1-R2_25,0.888188
1,F8_GI_2-R2_25,0.877305
1,F8_GI_3-R2_25,0.868645
1,F8_GI_4-R2_25,0.830386
1,F8_HG_1-R2_25,0.830143
1,F8_HG_2-R2_25,0.82775
1,F8_HG_3-R2_25,0.821264
1,F8_STOM-R2_25,0.817504
1,MOCK1_1-R2_25,0.884653
1,MOCK1_3-R2_25,0.883533
1,MOCK2_1-R2_25,0.884164
1,MOCK2_2-R2_25,0.881471
1,MOCK_1-R2_25,0.882591
1,MOCK_2-R2_25,0.883554
1,MOCK_3-R2_25,0.884004
1,NTC3_2-R2_25,0.872518
1,R1_13-R2_25,0.61657
1,R1_22-R2_25,0.916709
1,R1_23-R2_25,0.542898
1,R1_24-R2_25,0.758996
1,R1_25_A-R2_25,0.650305
1,R1_26-R2_25,0.645287
1,R1_33-R2_25,0.786874
1,R1_34_A-R2_25,0.788001
1,R1_35_A-R2_25,0.911966
1,R1_36-R2_25,0.924832
1,R1_39-R2_25,0.838361
1,R1_6_3-R2_25,0.780251
1,R2_14-R2_25,0.604979
1,R2_17-R2_25,0.605427
1,R2_18-R2_25,0.618982
1,BLANK2_1_A-R2_26,0.890119
1,F1_GI-R2_26,0.920358
1,F1_HG-R2_26,0.839088
1,F1_PC-R2_26,0.867973
1,F1_STOM-R2_26,0.887862
1,F2_GI-R2_26,0.914592
1,F2_HG-R2_26,0.830502
1,F2_PC-R2_26,0.899041
1,F3_GI-R2_26,0.878395
1,F3_HG-R2_26,0.848351
1,F3_PC-R2_26,0.758602
1,F3_STOM-R2_26,0.881129
1,F4_GI_1-R2_26,0.891922
1,F4_GI_2-R2_26,0.88263
1,F4_GI_3-R2_26,0.87887
1,F4_GI_4-R2_26,0.864446
1,F4_HG_1-R2_26,0.838383
1,F4_HG_2-R2_26,0.836237
1,F4_HG_3-R2_26,0.832741
1,F4_PC-R2_26,0.901321
1,F4_STOM-R2_26,0.921888
1,F5_GI_1-R2_26,0.866072
1,F5_GI_2-R2_26,0.86279
1,F5_GI_3-R2_26,0.867947
1,F5_GI_4-R2_26,0.820619
1,F5_HG_1-R2_26,0.8257
1,F5_HG_2-R2_26,0.827389
1,F5_HG_3-R2_26,0.826175
1,F5_PC-R2_26,0.886703
1,F5_STOM-R2_26,0.844936
1,F6_GI_1-R2_26,0.781876
1,F6_GI_3-R2_26,0.830693
1,F6_GI_4-R2_26,0.856618
1,F6_HG_1-R2_26,0.847323
1,F6_HG_2-R2_26,0.795471
1,F6_HG_3-R2_26,0.82253
1,F6_PC-R2_26,0.817717
1,F7_GI_2-R2_26,0.894061
1,F7_GI_3-R2_26,0.780337
1,F7_GI_4-R2_26,0.779445
1,F7_HG_1-R2_26,0.87536
1,F7_HG_2-R2_26,0.871797
1,F7_HG_3-R2_26,0.872134
1,F7_STOM-R2_26,0.913357
1,F8_GI_1-R2_26,0.881904
1,F8_GI_2-R2_26,0.878938
1,F8_GI_3-R2_26,0.861095
1,F8_GI_4-R2_26,0.815272
1,F8_HG_1-R2_26,0.844957
1,F8_HG_2-R2_26,0.844047
1,F8_HG_3-R2_26,0.836533
1,F8_STOM-R2_26,0.826775
1,MOCK1_1-R2_26,0.939061
1,MOCK1_3-R2_26,0.937816
1,MOCK2_1-R2_26,0.938667
1,MOCK2_2-R2_26,0.935759
1,MOCK_1-R2_26,0.936784
1,MOCK_2-R2_26,0.937933
1,MOCK_3-R2_26,0.938397
1,NTC3_2-R2_26,0.917014
1,R1_13-R2_26,0.741327
1,R1_22-R2_26,0.959526
1,R1_23-R2_26,0.715178
1,R1_24-R2_26,0.830731
1,R1_25_A-R2_26,0.715745
1,R1_26-R2_26,0.763188
1,R1_33-R2_26,0.849005
1,R1_34_A-R2_26,0.85811
1,R1_35_A-R2_26,0.905346
1,R1_36-R2_26,0.91867
1,R1_39-R2_26,0.900761
1,R1_6_3-R2_26,0.837537
1,R2_14-R2_26,0.427438
1,R2_17-R2_26,0.395496
1,R2_18-R2_26,0.425223
1,R2_25-R2_26,0.321641
1,BLANK2_1_A-R2_27,0.900699
1,F1_GI-R2_27,0.877394
1,F1_HG-R2_27,0.860701
1,F1_PC-R2_27,0.86484
1,F1_STOM-R2_27,0.858809
1,F2_GI-R2_27,0.872703
1,F2_HG-R2_27,0.850008
1,F2_PC-R2_27,0.895756
1,F3_GI-R2_27,0.833906
1,F3_HG-R2_27,0.876872
1,F3_PC-R2_27,0.739822
1,F3_STOM-R2_27,0.841841
1,F4_GI_1-R2_27,0.862191
1,F4_GI_2-R2_27,0.871346
1,F4_GI_3-R2_27,0.869586
1,F4_GI_4-R2_27,0.861327
1,F4_HG_1-R2_27,0.852893
1,F4_HG_2-R2_27,0.849825
1,F4_HG_3-R2_27,0.847007
1,F4_PC-R2_27,0.878397
1,F4_STOM-R2_27,0.887331
1,F5_GI_1-R2_27,0.849835
1,F5_GI_2-R2_27,0.851469
1,F5_GI_3-R2_27,0.875829
1,F5_GI_4-R2_27,0.830785
1,F5_HG_1-R2_27,0.842132
1,F5_HG_2-R2_27,0.842009
1,F5_HG_3-R2_27,0.842357
1,F5_PC-R2_27,0.887437
1,F5_STOM-R2_27,0.844114
1,F6_GI_1-R2_27,0.798797
1,F6_GI_3-R2_27,0.847098
1,F6_GI_4-R2_27,0.877683
1,F6_HG_1-R2_27,0.886611
1,F6_HG_2-R2_27,0.821411
1,F6_HG_3-R2_27,0.850564
1,F6_PC-R2_27,0.84611
1,F7_GI_2-R2_27,0.865472
1,F7_GI_3-R2_27,0.80562
1,F7_GI_4-R2_27,0.824494
1,F7_HG_1-R2_27,0.896044
1,F7_HG_2-R2_27,0.903691
1,F7_HG_3-R2_27,0.911734
1,F7_STOM-R2_27,0.874592
1,F8_GI_1-R2_27,0.868413
1,F8_GI_2-R2_27,0.869574
1,F8_GI_3-R2_27,0.863692
1,F8_GI_4-R2_27,0.842695
1,F8_HG_1-R2_27,0.860564
1,F8_HG_2-R2_27,0.858584
1,F8_HG_3-R2_27,0.853021
1,F8_STOM-R2_27,0.809398
1,MOCK1_1-R2_27,0.93844
1,MOCK1_3-R2_27,0.93716
1,MOCK2_1-R2_27,0.938032
1,MOCK2_2-R2_27,0.935023
1,MOCK_1-R2_27,0.936098
1,MOCK_2-R2_27,0.937278
1,MOCK_3-R2_27,0.937751
1,NTC3_2-R2_27,0.931977
1,R1_13-R2_27,0.783
1,R1_22-R2_27,0.935353
1,R1_23-R2_27,0.770418
1,R1_24-R2_27,0.851554
1,R1_25_A-R2_27,0.771506
1,R1_26-R2_27,0.781542
1,R1_33-R2_27,0.847481
1,R1_34_A-R2_27,0.857532
1,R1_35_A-R2_27,0.867605
1,R1_36-R2_27,0.880797
1,R1_39-R2_27,0.885469
1,R1_6_3-R2_27,0.885033
1,R2_14-R2_27,0.22902
1,R2_17-R2_27,0.293916
1,R2_18-R2_27,0.336509
1,R2_25-R2_27,0.426304
1,R2_26-R2_27,0.251051
1,BLANK2_1_A-R2_28,0.840198
1,F1_GI-R2_28,0.892028
1,F1_HG-R2_28,0.844991
1,F1_PC-R2_28,0.856602
1,F1_STOM-R2_28,0.865522
1,F2_GI-R2_28,0.875267
1,F2_HG-R2_28,0.828448
1,F2_PC-R2_28,0.832822
1,F3_GI-R2_28,0.88974
1,F3_HG-R2_28,0.819567
1,F3_PC-R2_28,0.845993
1,F3_STOM-R2_28,0.873776
1,F4_GI_1-R2_28,0.873514
1,F4_GI_2-R2_28,0.88114
1,F4_GI_3-R2_28,0.87157
1,F4_GI_4-R2_28,0.850594
1,F4_HG_1-R2_28,0.826273
1,F4_HG_2-R2_28,0.821582
1,F4_HG_3-R2_28,0.827535
1,F4_PC-R2_28,0.825667
1,F4_STOM-R2_28,0.890047
1,F5_GI_1-R2_28,0.848982
1,F5_GI_2-R2_28,0.856069
1,F5_GI_3-R2_28,0.825126
1,F5_GI_4-R2_28,0.802254
1,F5_HG_1-R2_28,0.811039
1,F5_HG_2-R2_28,0.812559
1,F5_HG_3-R2_28,0.810488
1,F5_PC-R2_28,0.822944
1,F5_STOM-R2_28,0.819175
1,F6_GI_1-R2_28,0.830861
1,F6_GI_3-R2_28,0.850805
1,F6_GI_4-R2_28,0.823117
1,F6_HG_1-R2_28,0.820754
1,F6_HG_2-R2_28,0.803798
1,F6_HG_3-R2_28,0.832427
1,F6_PC-R2_28,0.827851
1,F7_GI_2-R2_28,0.854992
1,F7_GI_3-R2_28,0.79655
1,F7_GI_4-R2_28,0.80485
1,F7_HG_1-R2_28,0.836645
1,F7_HG_2-R2_28,0.835593
1,F7_HG_3-R2_28,0.842808
1,F7_STOM-R2_28,0.885608
1,F8_GI_1-R2_28,0.871954
1,F8_GI_2-R2_28,0.8626
1,F8_GI_3-R2_28,0.85866
1,F8_GI_4-R2_28,0.821532
1,F8_HG_1-R2_28,0.833424
1,F8_HG_2-R2_28,0.832526
1,F8_HG_3-R2_28,0.819944
1,F8_STOM-R2_28,0.86215
1,MOCK1_1-R2_28,0.86364
1,MOCK1_3-R2_28,0.862504
1,MOCK2_1-R2_28,0.86313
1,MOCK2_2-R2_28,0.860233
1,MOCK_1-R2_28,0.861471
1,MOCK_2-R2_28,0.862509
1,MOCK_3-R2_28,0.863006
1,NTC3_2-R2_28,0.866652
1,R1_13-R2_28,0.882449
1,R1_22-R2_28,0.869559
1,R1_23-R2_28,0.862408
1,R1_24-R2_28,0.911407
1,R1_25_A-R2_28,0.853602
1,R1_26-R2_28,0.862985
1,R1_33-R2_28,0.804784
1,R1_34_A-R2_28,0.803178
1,R1_35_A-R2_28,0.86434
1,R1_36-R2_28,0.884366
1,R1_39-R2_28,0.842835
1,R1_6_3-R2_28,0.850501
1,R2_14-R2_28,0.191489
1,R2_17-R2_28,0.277276
1,R2_18-R2_28,0.328826
1,R2_25-R2_28,0.608096
1,R2_26-R2_28,0.436237
1,R2_27-R2_28,0.249719
1,BLANK2_1_A-R2_29,0.874582
1,F1_GI-R2_29,0.900778
1,F1_HG-R2_29,0.844325
1,F1_PC-R2_29,0.817557
1,F1_STOM-R2_29,0.873622
1,F2_GI-R2_29,0.885094
1,F2_HG-R2_29,0.827149
1,F2_PC-R2_29,0.859124
1,F3_GI-R2_29,0.947321
1,F3_HG-R2_29,0.846458
1,F3_PC-R2_29,0.845403
1,F3_STOM-R2_29,0.891345
1,F4_GI_1-R2_29,0.870333
1,F4_GI_2-R2_29,0.875935
1,F4_GI_3-R2_29,0.874424
1,F4_GI_4-R2_29,0.850308
1,F4_HG_1-R2_29,0.827984
1,F4_HG_2-R2_29,0.825364
1,F4_HG_3-R2_29,0.833247
1,F4_PC-R2_29,0.895952
1,F4_STOM-R2_29,0.906752
1,F5_GI_1-R2_29,0.850683
1,F5_GI_2-R2_29,0.843939
1,F5_GI_3-R2_29,0.862749
1,F5_GI_4-R2_29,0.800632
1,F5_HG_1-R2_29,0.795365
1,F5_HG_2-R2_29,0.797341
1,F5_HG_3-R2_29,0.791711
1,F5_PC-R2_29,0.873914
1,F5_STOM-R2_29,0.814957
1,F6_GI_1-R2_29,0.825615
1,F6_GI_3-R2_29,0.877838
1,F6_GI_4-R2_29,0.84224
1,F6_HG_1-R2_29,0.844921
1,F6_HG_2-R2_29,0.805177
1,F6_HG_3-R2_29,0.827186
1,F6_PC-R2_29,0.812011
1,F7_GI_2-R2_29,0.858193
1,F7_GI_3-R2_29,0.790278
1,F7_GI_4-R2_29,0.801694
1,F7_HG_1-R2_29,0.870616
1,F7_HG_2-R2_29,0.866915
1,F7_HG_3-R2_29,0.867576
1,F7_STOM-R2_29,0.900361
1,F8_GI_1-R2_29,0.857403
1,F8_GI_2-R2_29,0.843729
1,F8_GI_3-R2_29,0.840466
1,F8_GI_4-R2_29,0.808929
1,F8_HG_1-R2_29,0.832744
1,F8_HG_2-R2_29,0.833476
1,F8_HG_3-R2_29,0.809993
1,F8_STOM-R2_29,0.87022
1,MOCK1_1-R2_29,0.905671
1,MOCK1_3-R2_29,0.904377
1,MOCK2_1-R2_29,0.90517
1,MOCK2_2-R2_29,0.901972
1,MOCK_1-R2_29,0.903216
1,MOCK_2-R2_29,0.904431
1,MOCK_3-R2_29,0.904948
1,NTC3_2-R2_29,0.909954
1,R1_13-R2_29,0.897211
1,R1_22-R2_29,0.938923
1,R1_23-R2_29,0.907867
1,R1_24-R2_29,0.916901
1,R1_25_A-R2_29,0.890753
1,R1_26-R2_29,0.911539
1,R1_33-R2_29,0.847536
1,R1_34_A-R2_29,0.855067
1,R1_35_A-R2_29,0.879926
1,R1_36-R2_29,0.900458
1,R1_39-R2_29,0.898515
1,R1_6_3-R2_29,0.895927
1,R2_14-R2_29,0.156207
1,R2_17-R2_29,0.191366
1,R2_18-R2_29,0.27477
1,R2_25-R2_29,0.589265
1,R2_26-R2_29,0.411027
1,R2_27-R2_29,0.270557
1,R2_28-R2_29,0.184076
1,BLANK2_1_A-R2_3,0.721899
1,F1_GI-R2_3,0.52039
1,F1_HG-R2_3,0.888776
1,F1_PC-R2_3,0.78807
1,F1_STOM-R2_3,0.623787
1,F2_GI-R2_3,0.504678
1,F2_HG-R2_3,0.87384
1,F2_PC-R2_3,0.804061
1,F3_GI-R2_3,0.641622
1,F3_HG-R2_3,0.797105
1,F3_PC-R2_3,0.577376
1,F3_STOM-R2_3,0.652381
1,F4_GI_1-R2_3,0.604119
1,F4_GI_2-R2_3,0.740942
1,F4_GI_3-R2_3,0.720637
1,F4_GI_4-R2_3,0.745426
1,F4_HG_1-R2_3,0.768648
1,F4_HG_2-R2_3,0.728362
1,F4_HG_3-R2_3,0.766611
1,F4_PC-R2_3,0.549302
1,F4_STOM-R2_3,0.596739
1,F5_GI_1-R2_3,0.686745
1,F5_GI_2-R2_3,0.665134
1,F5_GI_3-R2_3,0.725342
1,F5_GI_4-R2_3,0.655072
1,F5_HG_1-R2_3,0.765252
1,F5_HG_2-R2_3,0.774307
1,F5_HG_3-R2_3,0.794452
1,F5_PC-R2_3,0.727825
1,F5_STOM-R2_3,0.626025
1,F6_GI_1-R2_3,0.818949
1,F6_GI_3-R2_3,0.832481
1,F6_GI_4-R2_3,0.815505
1,F6_HG_1-R2_3,0.869221
1,F6_HG_2-R2_3,0.817291
1,F6_HG_3-R2_3,0.852817
1,F6_PC-R2_3,0.848395
1,F7_GI_2-R2_3,0.511455
1,F7_GI_3-R2_3,0.806197
1,F7_GI_4-R2_3,0.826579
1,F7_HG_1-R2_3,0.885811
1,F7_HG_2-R2_3,0.896403
1,F7_HG_3-R2_3,0.904748
1,F7_STOM-R2_3,0.636411
1,F8_GI_1-R2_3,0.632379
1,F8_GI_2-R2_3,0.686549
1,F8_GI_3-R2_3,0.77347
1,F8_GI_4-R2_3,0.822193
1,F8_HG_1-R2_3,0.853332
1,F8_HG_2-R2_3,0.845092
1,F8_HG_3-R2_3,0.861939
1,F8_STOM-R2_3,0.715862
1,MOCK1_1-R2_3,0.633717
1,MOCK1_3-R2_3,0.610048
1,MOCK2_1-R2_3,0.626959
1,MOCK2_2-R2_3,0.574157
1,MOCK_1-R2_3,0.594229
1,MOCK_2-R2_3,0.614833
1,MOCK_3-R2_3,0.624205
1,NTC3_2-R2_3,0.840996
1,R1_13-R2_3,0.789585
1,R1_22-R2_3,0.700478
1,R1_23-R2_3,0.697959
1,R1_24-R2_3,0.884123
1,R1_25_A-R2_3,0.792803
1,R1_26-R2_3,0.682848
1,R1_33-R2_3,0.801159
1,R1_34_A-R2_3,0.89143
1,R1_35_A-R2_3,0.478062
1,R1_36-R2_3,0.530191
1,R1_39-R2_3,0.650121
1,R1_6_3-R2_3,0.771163
1,R2_14-R2_3,0.812688
1,R2_17-R2_3,0.790538
1,R2_18-R2_3,0.734981
1,R2_25-R2_3,0.874738
1,R2_26-R2_3,0.862828
1,R2_27-R2_3,0.843383
1,R2_28-R2_3,0.801904
1,R2_29-R2_3,0.800654
1,BLANK2_1_A-R2_30,0.68988
1,F1_GI-R2_30,0.775913
1,F1_HG-R2_30,0.740654
1,F1_PC-R2_30,0.715835
1,F1_STOM-R2_30,0.777305
1,F2_GI-R2_30,0.78124
1,F2_HG-R2_30,0.708375
1,F2_PC-R2_30,0.717244
1,F3_GI-R2_30,0.794389
1,F3_HG-R2_30,0.680647
1,F3_PC-R2_30,0.737891
1,F3_STOM-R2_30,0.790123
1,F4_GI_1-R2_30,0.766409
1,F4_GI_2-R2_30,0.768306
1,F4_GI_3-R2_30,0.758128
1,F4_GI_4-R2_30,0.721848
1,F4_HG_1-R2_30,0.652813
1,F4_HG_2-R2_30,0.648185
1,F4_HG_3-R2_30,0.657485
1,F4_PC-R2_30,0.69709
1,F4_STOM-R2_30,0.805853
1,F5_GI_1-R2_30,0.721306
1,F5_GI_2-R2_30,0.724612
1,F5_GI_3-R2_30,0.67774
1,F5_GI_4-R2_30,0.628318
1,F5_HG_1-R2_30,0.630393
1,F5_HG_2-R2_30,0.635461
1,F5_HG_3-R2_30,0.627179
1,F5_PC-R2_30,0.650533
1,F5_STOM-R2_30,0.666635
1,F6_GI_1-R2_30,0.697263
1,F6_GI_3-R2_30,0.760763
1,F6_GI_4-R2_30,0.694037
1,F6_HG_1-R2_30,0.723064
1,F6_HG_2-R2_30,0.672508
1,F6_HG_3-R2_30,0.722834
1,F6_PC-R2_30,0.718611
1,F7_GI_2-R2_30,0.750354
1,F7_GI_3-R2_30,0.62545
1,F7_GI_4-R2_30,0.655148
1,F7_HG_1-R2_30,0.726419
1,F7_HG_2-R2_30,0.734072
1,F7_HG_3-R2_30,0.746838
1,F7_STOM-R2_30,0.813689
1,F8_GI_1-R2_30,0.740639
1,F8_GI_2-R2_30,0.725665
1,F8_GI_3-R2_30,0.732971
1,F8_GI_4-R2_30,0.667681
1,F8_HG_1-R2_30,0.700506
1,F8_HG_2-R2_30,0.685846
1,F8_HG_3-R2_30,0.689587
1,F8_STOM-R2_30,0.723544
1,MOCK1_1-R2_30,0.750531
1,MOCK1_3-R2_30,0.749541
1,MOCK2_1-R2_30,0.74981
1,MOCK2_2-R2_30,0.746957
1,MOCK_1-R2_30,0.748565
1,MOCK_2-R2_30,0.749363
1,MOCK_3-R2_30,0.749856
1,NTC3_2-R2_30,0.79774
1,R1_13-R2_30,0.808216
1,R1_22-R2_30,0.84624
1,R1_23-R2_30,0.766839
1,R1_24-R2_30,0.874974
1,R1_25_A-R2_30,0.716877
1,R1_26-R2_30,0.750215
1,R1_33-R2_30,0.644895
1,R1_34_A-R2_30,0.719225
1,R1_35_A-R2_30,0.744552
1,R1_36-R2_30,0.804634
1,R1_39-R2_30,0.696967
1,R1_6_3-R2_30,0.698799
1,R2_14-R2_30,0.411173
1,R2_17-R2_30,0.413283
1,R2_18-R2_30,0.288096
1,R2_25-R2_30,0.575994
1,R2_26-R2_30,0.482726
1,R2_27-R2_30,0.459439
1,R2_28-R2_30,0.377506
1,R2_29-R2_30,0.363825
1,R2_3-R2_30,0.722457
1,BLANK2_1_A-R2_31,0.920957
1,F1_GI-R2_31,0.901831
1,F1_HG-R2_31,0.928458
1,F1_PC-R2_31,0.899368
1,F1_STOM-R2_31,0.885155
1,F2_GI-R2_31,0.88313
1,F2_HG-R2_31,0.913615
1,F2_PC-R2_31,0.892726
1,F3_GI-R2_31,0.90303
1,F3_HG-R2_31,0.902099
1,F3_PC-R2_31,0.885507
1,F3_STOM-R2_31,0.893304
1,F4_GI_1-R2_31,0.89072
1,F4_GI_2-R2_31,0.904007
1,F4_GI_3-R2_31,0.904854
1,F4_GI_4-R2_31,0.902394
1,F4_HG_1-R2_31,0.910998
1,F4_HG_2-R2_31,0.908652
1,F4_HG_3-R2_31,0.912178
1,F4_PC-R2_31,0.897872
1,F4_STOM-R2_31,0.903144
1,F5_GI_1-R2_31,0.891307
1,F5_GI_2-R2_31,0.891214
1,F5_GI_3-R2_31,0.902993
1,F5_GI_4-R2_31,0.899583
1,F5_HG_1-R2_31,0.914152
1,F5_HG_2-R2_31,0.914267
1,F5_HG_3-R2_31,0.914618
1,F5_PC-R2_31,0.899793
1,F5_STOM-R2_31,0.89925
1,F6_GI_1-R2_31,0.90084
1,F6_GI_3-R2_31,0.909799
1,F6_GI_4-R2_31,0.912641
1,F6_HG_1-R2_31,0.904275
1,F6_HG_2-R2_31,0.878813
1,F6_HG_3-R2_31,0.904047
1,F6_PC-R2_31,0.901162
1,F7_GI_2-R2_31,0.878202
1,F7_GI_3-R2_31,0.863697
1,F7_GI_4-R2_31,0.892456
1,F7_HG_1-R2_31,0.924009
1,F7_HG_2-R2_31,0.922752
1,F7_HG_3-R2_31,0.925124
1,F7_STOM-R2_31,0.902535
1,F8_GI_1-R2_31,0.885168
1,F8_GI_2-R2_31,0.889868
1,F8_GI_3-R2_31,0.904699
1,F8_GI_4-R2_31,0.905769
1,F8_HG_1-R2_31,0.915603
1,F8_HG_2-R2_31,0.904789
1,F8_HG_3-R2_31,0.913671
1,F8_STOM-R2_31,0.862283
1,MOCK1_1-R2_31,0.913906
1,MOCK1_3-R2_31,0.912747
1,MOCK2_1-R2_31,0.91353
1,MOCK2_2-R2_31,0.910664
1,MOCK_1-R2_31,0.911637
1,MOCK_2-R2_31,0.912833
1,MOCK_3-R2_31,0.913287
1,NTC3_2-R2_31,0.906193
1,R1_13-R2_31,0.919185
1,R1_22-R2_31,0.883335
1,R1_23-R2_31,0.89918
1,R1_24-R2_31,0.93951
1,R1_25_A-R2_31,0.922694
1,R1_26-R2_31,0.903014
1,R1_33-R2_31,0.893558
1,R1_34_A-R2_31,0.878455
1,R1_35_A-R2_31,0.893857
1,R1_36-R2_31,0.893963
1,R1_39-R2_31,0.912369
1,R1_6_3-R2_31,0.924304
1,R2_14-R2_31,0.269756
1,R2_17-R2_31,0.339401
1,R2_18-R2_31,0.389348
1,R2_25-R2_31,0.674202
1,R2_26-R2_31,0.492689
1,R2_27-R2_31,0.313438
1,R2_28-R2_31,0.193425
1,R2_29-R2_31,0.307694
1,R2_3-R2_31,0.882449
1,R2_30-R2_31,0.54407
1,BLANK2_1_A-R2_5,0.767606
1,F1_GI-R2_5,0.466904
1,F1_HG-R2_5,0.913272
1,F1_PC-R2_5,0.834731
1,F1_STOM-R2_5,0.645543
1,F2_GI-R2_5,0.451925
1,F2_HG-R2_5,0.899842
1,F2_PC-R2_5,0.847714
1,F3_GI-R2_5,0.627529
1,F3_HG-R2_5,0.833746
1,F3_PC-R2_5,0.602428
1,F3_STOM-R2_5,0.653799
1,F4_GI_1-R2_5,0.623151
1,F4_GI_2-R2_5,0.762127
1,F4_GI_3-R2_5,0.743307
1,F4_GI_4-R2_5,0.775738
1,F4_HG_1-R2_5,0.803488
1,F4_HG_2-R2_5,0.76463
1,F4_HG_3-R2_5,0.791465
1,F4_PC-R2_5,0.573568
1,F4_STOM-R2_5,0.553798
1,F5_GI_1-R2_5,0.70634
1,F5_GI_2-R2_5,0.694292
1,F5_GI_3-R2_5,0.767702
1,F5_GI_4-R2_5,0.701429
1,F5_HG_1-R2_5,0.810026
1,F5_HG_2-R2_5,0.816616
1,F5_HG_3-R2_5,0.83948
1,F5_PC-R2_5,0.76066
1,F5_STOM-R2_5,0.673241
1,F6_GI_1-R2_5,0.855087
1,F6_GI_3-R2_5,0.883436
1,F6_GI_4-R2_5,0.869922
1,F6_HG_1-R2_5,0.902379
1,F6_HG_2-R2_5,0.84418
1,F6_HG_3-R2_5,0.879003
1,F6_PC-R2_5,0.877536
1,F7_GI_2-R2_5,0.524279
1,F7_GI_3-R2_5,0.840821
1,F7_GI_4-R2_5,0.86348
1,F7_HG_1-R2_5,0.912004
1,F7_HG_2-R2_5,0.92332
1,F7_HG_3-R2_5,0.931323
1,F7_STOM-R2_5,0.636075
1,F8_GI_1-R2_5,0.64935
1,F8_GI_2-R2_5,0.713568
1,F8_GI_3-R2_5,0.812154
1,F8_GI_4-R2_5,0.871282
1,F8_HG_1-R2_5,0.886115
1,F8_HG_2-R2_5,0.871788
1,F8_HG_3-R2_5,0.891779
1,F8_STOM-R2_5,0.712712
1,MOCK1_1-R2_5,0.680355
1,MOCK1_3-R2_5,0.660611
1,MOCK2_1-R2_5,0.673831
1,MOCK2_2-R2_5,0.625805
1,MOCK_1-R2_5,0.650296
1,MOCK_2-R2_5,0.667223
1,MOCK_3-R2_5,0.674415
1,NTC3_2-R2_5,0.872889
1,R1_13-R2_5,0.788393
1,R1_22-R2_5,0.689447
1,R1_23-R2_5,0.694858
1,R1_24-R2_5,0.878457
1,R1_25_A-R2_5,0.825831
1,R1_26-R2_5,0.690507
1,R1_33-R2_5,0.836393
1,R1_34_A-R2_5,0.900256
1,R1_35_A-R2_5,0.433867
1,R1_36-R2_5,0.475223
1,R1_39-R2_5,0.663128
1,R1_6_3-R2_5,0.787066
1,R2_14-R2_5,0.850619
1,R2_17-R2_5,0.859407
1,R2_18-R2_5,0.788686
1,R2_25-R2_5,0.909375
1,R2_26-R2_5,0.911277
1,R2_27-R2_5,0.878411
1,R2_28-R2_5,0.861302
1,R2_29-R2_5,0.880985
1,R2_3-R2_5,0.167629
1,R2_30-R2_5,0.797487
1,R2_31-R2_5,0.868508
1,BLANK2_1_A-R2_6,0.777546
1,F1_GI-R2_6,0.850463
1,F1_HG-R2_6,0.836657
1,F1_PC-R2_6,0.673409
1,F1_STOM-R2_6,0.780968
1,F2_GI-R2_6,0.826684
1,F2_HG-R2_6,0.831944
1,F2_PC-R2_6,0.68178
1,F3_GI-R2_6,0.848951
1,F3_HG-R2_6,0.775553
1,F3_PC-R2_6,0.806603
1,F3_STOM-R2_6,0.804623
1,F4_GI_1-R2_6,0.835293
1,F4_GI_2-R2_6,0.828725
1,F4_GI_3-R2_6,0.82779
1,F4_GI_4-R2_6,0.804005
1,F4_HG_1-R2_6,0.791306
1,F4_HG_2-R2_6,0.796695
1,F4_HG_3-R2_6,0.801599
1,F4_PC-R2_6,0.828902
1,F4_STOM-R2_6,0.845999
1,F5_GI_1-R2_6,0.791946
1,F5_GI_2-R2_6,0.806784
1,F5_GI_3-R2_6,0.800933
1,F5_GI_4-R2_6,0.792315
1,F5_HG_1-R2_6,0.762554
1,F5_HG_2-R2_6,0.764804
1,F5_HG_3-R2_6,0.754293
1,F5_PC-R2_6,0.793675
1,F5_STOM-R2_6,0.763701
1,F6_GI_1-R2_6,0.777125
1,F6_GI_3-R2_6,0.763088
1,F6_GI_4-R2_6,0.740387
1,F6_HG_1-R2_6,0.813718
1,F6_HG_2-R2_6,0.806693
1,F6_HG_3-R2_6,0.804858
1,F6_PC-R2_6,0.793583
1,F7_GI_2-R2_6,0.814755
1,F7_GI_3-R2_6,0.762884
1,F7_GI_4-R2_6,0.773751
1,F7_HG_1-R2_6,0.836194
1,F7_HG_2-R2_6,0.846713
1,F7_HG_3-R2_6,0.85318
1,F7_STOM-R2_6,0.831832
1,F8_GI_1-R2_6,0.788892
1,F8_GI_2-R2_6,0.75204
1,F8_GI_3-R2_6,0.738391
1,F8_GI_4-R2_6,0.771192
1,F8_HG_1-R2_6,0.815642
1,F8_HG_2-R2_6,0.805765
1,F8_HG_3-R2_6,0.815434
1,F8_STOM-R2_6,0.771278
1,MOCK1_1-R2_6,0.699839
1,MOCK1_3-R2_6,0.703427
1,MOCK2_1-R2_6,0.699682
1,MOCK2_2-R2_6,0.70749
1,MOCK_1-R2_6,0.70635
1,MOCK_2-R2_6,0.702375
1,MOCK_3-R2_6,0.700885
1,NTC3_2-R2_6,0.818592
1,R1_13-R2_6,0.802825
1,R1_22-R2_6,0.873547
1,R1_23-R2_6,0.782214
1,R1_24-R2_6,0.863643
1,R1_25_A-R2_6,0.787356
1,R1_26-R2_6,0.828444
1,R1_33-R2_6,0.801221
1,R1_34_A-R2_6,0.87068
1,R1_35_A-R2_6,0.824011
1,R1_36-R2_6,0.82392
1,R1_39-R2_6,0.831688
1,R1_6_3-R2_6,0.779625
1,R2_14-R2_6,0.846517
1,R2_17-R2_6,0.782214
1,R2_18-R2_6,0.749462
1,R2_25-R2_6,0.877892
1,R2_26-R2_6,0.871562
1,R2_27-R2_6,0.882081
1,R2_28-R2_6,0.863447
1,R2_29-R2_6,0.822459
1,R2_3-R2_6,0.722582
1,R2_30-R2_6,0.76094
1,R2_31-R2_6,0.883264
1,R2_5-R2_6,0.755094
1,BLANK2_1_A-R2_7,0.664467
1,F1_GI-R2_7,0.464389
1,F1_HG-R2_7,0.879543
1,F1_PC-R2_7,0.736414
1,F1_STOM-R2_7,0.562595
1,F2_GI-R2_7,0.458991
1,F2_HG-R2_7,0.860332
1,F2_PC-R2_7,0.77019
1,F3_GI-R2_7,0.576833
1,F3_HG-R2_7,0.79628
1,F3_PC-R2_7,0.526056
1,F3_STOM-R2_7,0.549169
1,F4_GI_1-R2_7,0.499642
1,F4_GI_2-R2_7,0.643169
1,F4_GI_3-R2_7,0.612377
1,F4_GI_4-R2_7,0.64747
1,F4_HG_1-R2_7,0.699348
1,F4_HG_2-R2_7,0.642161
1,F4_HG_3-R2_7,0.687746
1,F4_PC-R2_7,0.479854
1,F4_STOM-R2_7,0.586033
1,F5_GI_1-R2_7,0.621862
1,F5_GI_2-R2_7,0.572795
1,F5_GI_3-R2_7,0.6713
1,F5_GI_4-R2_7,0.594592
1,F5_HG_1-R2_7,0.727279
1,F5_HG_2-R2_7,0.739097
1,F5_HG_3-R2_7,0.766696
1,F5_PC-R2_7,0.605148
1,F5_STOM-R2_7,0.589765
1,F6_GI_1-R2_7,0.79713
1,F6_GI_3-R2_7,0.823705
1,F6_GI_4-R2_7,0.821973
1,F6_HG_1-R2_7,0.878763
1,F6_HG_2-R2_7,0.810692
1,F6_HG_3-R2_7,0.858524
1,F6_PC-R2_7,0.854836
1,F7_GI_2-R2_7,0.441186
1,F7_GI_3-R2_7,0.782326
1,F7_GI_4-R2_7,0.807291
1,F7_HG_1-R2_7,0.875162
1,F7_HG_2-R2_7,0.89498
1,F7_HG_3-R2_7,0.90744
1,F7_STOM-R2_7,0.590723
1,F8_GI_1-R2_7,0.520684
1,F8_GI_2-R2_7,0.552421
1,F8_GI_3-R2_7,0.712169
1,F8_GI_4-R2_7,0.790194
1,F8_HG_1-R2_7,0.832825
1,F8_HG_2-R2_7,0.816051
1,F8_HG_3-R2_7,0.848636
1,F8_STOM-R2_7,0.556693
1,MOCK1_1-R2_7,0.601978
1,MOCK1_3-R2_7,0.590153
1,MOCK2_1-R2_7,0.597438
1,MOCK2_2-R2_7,0.559069
1,MOCK_1-R2_7,0.581015
1,MOCK_2-R2_7,0.59234
1,MOCK_3-R2_7,0.598898
1,NTC3_2-R2_7,0.778003
1,R1_13-R2_7,0.799092
1,R1_22-R2_7,0.755623
1,R1_23-R2_7,0.726367
1,R1_24-R2_7,0.894221
1,R1_25_A-R2_7,0.770765
1,R1_26-R2_7,0.617472
1,R1_33-R2_7,0.785609
1,R1_34_A-R2_7,0.883613
1,R1_35_A-R2_7,0.39125
1,R1_36-R2_7,0.489057
1,R1_39-R2_7,0.581643
1,R1_6_3-R2_7,0.754388
1,R2_14-R2_7,0.828723
1,R2_17-R2_7,0.850823
1,R2_18-R2_7,0.757939
1,R2_25-R2_7,0.898148
1,R2_26-R2_7,0.895832
1,R2_27-R2_7,0.854812
1,R2_28-R2_7,0.829728
1,R2_29-R2_7,0.845674
1,R2_3-R2_7,0.409366
1,R2_30-R2_7,0.687179
1,R2_31-R2_7,0.847415
1,R2_5-R2_7,0.443828
1,R2_6-R2_7,0.692609
